NOMINATION_ID,GT_SAQ_MILESTONE,GT_SAQ_MILESTONE_CATEGORY
N26-EXP20-1209,CLEAN A/RTB,RTB'D YR 2021
N26-EXP20-1565,CLEAN A/RTB,RTB'D YR 2021
3GS-EXP20-3031,CLEAN A/RTB,RTB'D YR 2021
3GS-EXP20-3032,CLEAN A/RTB,RTB'D YR 2021
3GS-EXP20-0472,CLEAN A/RTB,RTB'D YR 2021
3GS-EXP20-2176,CLEAN A/RTB,RTB'D YR 2021
3GS-EXP20-2513,CLEAN A/RTB,RTB'D YR 2021
MOB-EXP19-4365,CLEAN A/RTB,RTB'D YR 2021
3GS-EXP20-3042,CLEAN A/RTB,RTB'D YR 2021
3GS-EXP20-3044,CLEAN A/RTB,RTB'D YR 2021
N26-EXP20-0612,CLEAN A/RTB,RTB'D YR 2021
3GS-EXP20-3068,CLEAN A/RTB,RTB'D YR 2021
3GS-EXP20-3069,CLEAN A/RTB,RTB'D YR 2021
N26-EXP20-0613,CLEAN A/RTB,RTB'D YR 2021
3GS-EXP20-3071,CLEAN A/RTB,RTB'D YR 2021
3GS-EXP20-3072,CLEAN A/RTB,RTB'D YR 2021
3GS-EXP20-3076,CLEAN A/RTB,RTB'D YR 2021
3GS-EXP20-3077,CLEAN A/RTB,RTB'D YR 2021
N26-EXP20-1513,CLEAN A/RTB,RTB'D YR 2021
3GS-EXP20-3108,CLEAN A/RTB,RTB'D YR 2021
3GS-EXP20-0007,CLEAN A/RTB,RTB'D YR 2021
3GS-EXP20-1788,CLEAN A/RTB,RTB'D YR 2021
3GS-EXP20-3136,CLEAN A/RTB,RTB'D YR 2021
3GS-EXP20-3137,CLEAN A/RTB,RTB'D YR 2021
3GS-EXP20-3138,CLEAN A/RTB,RTB'D YR 2021
N26-EXP20-1566,CLEAN A/RTB,RTB'D YR 2021
3GS-EXP20-3145,CLEAN A/RTB,RTB'D YR 2021
3GS-EXP20-3146,CLEAN A/RTB,RTB'D YR 2021
3GS-EXP20-3147,CLEAN A/RTB,RTB'D YR 2021
3GS-EXP20-3159,CLEAN A/RTB,RTB'D YR 2021
3GS-EXP20-3160,CLEAN A/RTB,RTB'D YR 2021
N26-EXP20-1514,CLEAN A/RTB,RTB'D YR 2021
3GS-EXP20-0481,CLEAN A/RTB,RTB'D YR 2021
3GS-EXP20-2185,CLEAN A/RTB,RTB'D YR 2021
N26-EXP20-0641,CLEAN A/RTB,RTB'D YR 2021
3GS-EXP20-0015,CLEAN A/RTB,RTB'D YR 2021
3GS-EXP20-0681,CLEAN A/RTB,RTB'D YR 2021
3GS-EXP20-1796,CLEAN A/RTB,RTB'D YR 2021
3GS-EXP20-2342,CLEAN A/RTB,RTB'D YR 2021
3GS-EXP20-2592,CLEAN A/RTB,RTB'D YR 2021
N26-EXP20-1568,CLEAN A/RTB,RTB'D YR 2021
MOB-TRFS20-0047,CLEAN A/RTB,RTB'D YR 2021
MOB-EXP19-3211,CLEAN A/RTB,RTB'D YR 2021
N26-EXP20-1569,CLEAN A/RTB,RTB'D YR 2021
3GS-EXP20-3217,CLEAN A/RTB,RTB'D YR 2021
3GS-EXP20-3218,CLEAN A/RTB,RTB'D YR 2021
N26-EXP20-0646,CLEAN A/RTB,RTB'D YR 2021
MOB-EXP19-3533,CLEAN A/RTB,RTB'D YR 2021
MOB-EXP19-3068,CLEAN A/RTB,RTB'D YR 2021
3GS-EXP20-0021,CLEAN A/RTB,RTB'D YR 2021
3GS-EXP20-0483,CLEAN A/RTB,RTB'D YR 2021
3GS-EXP20-2187,CLEAN A/RTB,RTB'D YR 2021
3GS-EXP20-2518,CLEAN A/RTB,RTB'D YR 2021
N26-EXP20-1517,CLEAN A/RTB,RTB'D YR 2021
MOB-EXP19-4489,CLEAN A/RTB,RTB'D YR 2021
N26-EXP20-1518,CLEAN A/RTB,RTB'D YR 2021
3GS-EXP20-0489,CLEAN A/RTB,RTB'D YR 2021
3GS-EXP20-2192,CLEAN A/RTB,RTB'D YR 2021
3GS-EXP20-0036,CLEAN A/RTB,RTB'D YR 2021
3GS-EXP20-1812,CLEAN A/RTB,RTB'D YR 2021
3GS-EXP20-2595,CLEAN A/RTB,RTB'D YR 2021
3GS-EXP20-3274,CLEAN A/RTB,RTB'D YR 2021
3GS-EXP20-3275,CLEAN A/RTB,RTB'D YR 2021
MOB-TRFS20-0049,CLEAN A/RTB,RTB'D YR 2021
N35-EXP20-0025,CLEAN A/RTB,RTB'D YR 2021
MOB-EXP19-0162,CLEAN A/RTB,RTB'D YR 2021
MOB-EXP19-1662,CLEAN A/RTB,RTB'D YR 2021
N26-EXP20-1519,CLEAN A/RTB,RTB'D YR 2021
N26-EXP20-0662,CLEAN A/RTB,RTB'D YR 2021
3GS-EXP20-3311,CLEAN A/RTB,RTB'D YR 2021
N26-EXP20-1570,CLEAN A/RTB,RTB'D YR 2021
N26-EXP20-1571,CLEAN A/RTB,RTB'D YR 2021
3GS-EXP20-3324,CLEAN A/RTB,RTB'D YR 2021
3GS-EXP20-3325,CLEAN A/RTB,RTB'D YR 2021
MOB-EXP20-0345,CLEAN A/RTB,RTB'D YR 2021
MOB-EXP20-0267,CLEAN A/RTB,RTB'D YR 2021
MOB-EXP20-0108,CLEAN A/RTB,RTB'D YR 2021
MOB-EXP19-0172,CLEAN A/RTB,RTB'D YR 2021
MOB-EXP19-1671,CLEAN A/RTB,RTB'D YR 2021
MOB-EXP20-0109,CLEAN A/RTB,RTB'D YR 2021
3GS-EXP20-0044,CLEAN A/RTB,RTB'D YR 2021
3GS-EXP20-1820,CLEAN A/RTB,RTB'D YR 2021
3GS-EXP20-2356,CLEAN A/RTB,RTB'D YR 2021
3GS-EXP20-3370,CLEAN A/RTB,RTB'D YR 2021
3GS-EXP20-3371,CLEAN A/RTB,RTB'D YR 2021
3GS-EXP20-0051,CLEAN A/RTB,RTB'D YR 2021
3GS-EXP20-1826,CLEAN A/RTB,RTB'D YR 2021
3GS-EXP20-2358,CLEAN A/RTB,RTB'D YR 2021
MOB-EXP20-1183,CLEAN A/RTB,RTB'D YR 2021
N26-EXP20-1621,CLEAN A/RTB,RTB'D YR 2021
N26-EXP20-1572,CLEAN A/RTB,RTB'D YR 2021
N26-EXP20-1573,CLEAN A/RTB,RTB'D YR 2021
N26-EXP20-0074,CLEAN A/RTB,RTB'D YR 2021
MOB-EXP19-3237,CLEAN A/RTB,RTB'D YR 2021
MOB-EXP19-0196,CLEAN A/RTB,RTB'D YR 2021
MOB-EXP19-0033,CLEAN A/RTB,RTB'D YR 2021
MOB-EXP20-0463,CLEAN A/RTB,RTB'D YR 2021
3GS-EXP20-3430,CLEAN A/RTB,RTB'D YR 2021
N26-EXP20-1198,CLEAN A/RTB,RTB'D YR 2021
MOB-EXP19-1154,CLEAN A/RTB,RTB'D YR 2021
MOB-EXP19-0926,CLEAN A/RTB,RTB'D YR 2021
MOB-EXP20-0956,CLEAN A/RTB,RTB'D YR 2021
N26-EXP20-1521,CLEAN A/RTB,RTB'D YR 2021
N26-EXP20-1622,CLEAN A/RTB,RTB'D YR 2021
3GS-EXP20-3450,CLEAN A/RTB,RTB'D YR 2021
3GS-EXP20-0498,CLEAN A/RTB,RTB'D YR 2021
3GS-EXP20-2198,CLEAN A/RTB,RTB'D YR 2021
3GS-EXP20-2525,CLEAN A/RTB,RTB'D YR 2021
3GS-EXP20-0064,CLEAN A/RTB,RTB'D YR 2021
3GS-EXP20-1835,CLEAN A/RTB,RTB'D YR 2021
3GS-EXP20-2365,CLEAN A/RTB,RTB'D YR 2021
3GS-EXP20-2599,CLEAN A/RTB,RTB'D YR 2021
MOB-EXP20-0998,CLEAN A/RTB,RTB'D YR 2021
3GS-EXP20-0324,CLEAN A/RTB,RTB'D YR 2021
3GS-EXP20-0939,CLEAN A/RTB,RTB'D YR 2021
N26-EXP20-0583,CLEAN A/RTB,RTB'D YR 2021
MOB-TRFS20-0092,CLEAN A/RTB,RTB'D YR 2021
N35-EXP20-0031,CLEAN A/RTB,RTB'D YR 2021
MOB-EXP19-2395,CLEAN A/RTB,RTB'D YR 2021
MOB-EXP19-0217,CLEAN A/RTB,RTB'D YR 2021
MOB-EXP19-2055,CLEAN A/RTB,RTB'D YR 2021
N26-EXP20-0103,CLEAN A/RTB,RTB'D YR 2021
WTT-EXP20-0012,CLEAN A/RTB,RTB'D YR 2021
3GS-EXP20-0070,CLEAN A/RTB,RTB'D YR 2021
3GS-EXP20-1840,CLEAN A/RTB,RTB'D YR 2021
3GS-EXP20-2368,CLEAN A/RTB,RTB'D YR 2021
3GS-EXP20-2600,CLEAN A/RTB,RTB'D YR 2021
N26-EXP20-1575,CLEAN A/RTB,RTB'D YR 2021
MOB-EXP19-3556,CLEAN A/RTB,RTB'D YR 2021
MOB-EXP19-3080,CLEAN A/RTB,RTB'D YR 2021
3GS-EXP20-0509,CLEAN A/RTB,RTB'D YR 2021
3GS-EXP20-1109,CLEAN A/RTB,RTB'D YR 2021
N26-EXP20-1576,CLEAN A/RTB,RTB'D YR 2021
MOB-EXP20-2367,CLEAN A/RTB,RTB'D YR 2021
MOB-EXP19-4774,CLEAN A/RTB,RTB'D YR 2021
RED-EXP20-2425,CLEAN A/RTB,RTB'D YR 2021
3GS-EXP20-1298,CLEAN A/RTB,RTB'D YR 2021
3GS-EXP20-1572,CLEAN A/RTB,RTB'D YR 2021
3GS-EXP20-2687,CLEAN A/RTB,RTB'D YR 2021
N35-EXP20-0034,CLEAN A/RTB,RTB'D YR 2021
MIT-EXP20-0008,CLEAN A/RTB,RTB'D YR 2021
N26-EXP20-1522,CLEAN A/RTB,RTB'D YR 2021
MIT-EXP20-0009,CLEAN A/RTB,RTB'D YR 2021
MOB-EXP19-2401,CLEAN A/RTB,RTB'D YR 2021
MOB-EXP19-0239,CLEAN A/RTB,RTB'D YR 2021
MOB-EXP19-2066,CLEAN A/RTB,RTB'D YR 2021
MOB-EXP20-2224,CLEAN A/RTB,RTB'D YR 2021
MOB-EXP19-2070,CLEAN A/RTB,RTB'D YR 2021
MIT-EXP20-0010,CLEAN A/RTB,RTB'D YR 2021
N26-EXP20-1577,CLEAN A/RTB,RTB'D YR 2021
N26-EXP20-0121,CLEAN A/RTB,RTB'D YR 2021
MOB-EXP19-0260,CLEAN A/RTB,RTB'D YR 2021
MOB-EXP19-1708,CLEAN A/RTB,RTB'D YR 2021
MOB-EXP19-1444,CLEAN A/RTB,RTB'D YR 2021
N26-EXP20-1645,CLEAN A/RTB,RTB'D YR 2021
3GS-EXP20-0375,CLEAN A/RTB,RTB'D YR 2021
3GS-EXP20-2095,CLEAN A/RTB,RTB'D YR 2021
3GS-EXP20-1309,CLEAN A/RTB,RTB'D YR 2021
N26-EXP20-1578,CLEAN A/RTB,RTB'D YR 2021
N26-EXP20-1624,CLEAN A/RTB,RTB'D YR 2021
N26-EXP20-1625,CLEAN A/RTB,RTB'D YR 2021
N26-EXP20-1579,CLEAN A/RTB,RTB'D YR 2021
MIT-EXP20-0012,CLEAN A/RTB,RTB'D YR 2021
N26-EXP20-0138,CLEAN A/RTB,RTB'D YR 2021
MOB-EXP19-2414,CLEAN A/RTB,RTB'D YR 2021
MOB-EXP19-0291,CLEAN A/RTB,RTB'D YR 2021
MOB-EXP19-1722,CLEAN A/RTB,RTB'D YR 2021
L21-EXP20-4466,CLEAN A/RTB,RTB'D YR 2021
N26-EXP20-1526,CLEAN A/RTB,RTB'D YR 2021
N26-EXP20-0743,CLEAN A/RTB,RTB'D YR 2021
MOB-EXP19-0296,CLEAN A/RTB,RTB'D YR 2021
MOB-EXP19-1725,CLEAN A/RTB,RTB'D YR 2021
N26-EXP20-0744,CLEAN A/RTB,RTB'D YR 2021
3GS-EXP20-0101,CLEAN A/RTB,RTB'D YR 2021
3GS-EXP20-0744,CLEAN A/RTB,RTB'D YR 2021
3GS-EXP20-1860,CLEAN A/RTB,RTB'D YR 2021
3GS-EXP20-2603,CLEAN A/RTB,RTB'D YR 2021
N26-EXP20-0146,CLEAN A/RTB,RTB'D YR 2021
MOB-EXP19-3769,CLEAN A/RTB,RTB'D YR 2021
MOB-EXP19-3569,CLEAN A/RTB,RTB'D YR 2021
N26-EXP20-0147,CLEAN A/RTB,RTB'D YR 2021
N26-EXP20-1626,CLEAN A/RTB,RTB'D YR 2021
N26-EXP20-1581,CLEAN A/RTB,RTB'D YR 2021
3GS-EXP20-0102,CLEAN A/RTB,RTB'D YR 2021
3GS-EXP20-1861,CLEAN A/RTB,RTB'D YR 2021
3GS-EXP20-2604,CLEAN A/RTB,RTB'D YR 2021
3GS-EXP20-0104,CLEAN A/RTB,RTB'D YR 2021
3GS-EXP20-1863,CLEAN A/RTB,RTB'D YR 2021
3GS-EXP20-2378,CLEAN A/RTB,RTB'D YR 2021
N26-EXP20-1527,CLEAN A/RTB,RTB'D YR 2021
MOB-TRFS20-0044,CLEAN A/RTB,RTB'D YR 2021
N35-EXP20-0064,CLEAN A/RTB,RTB'D YR 2021
N26-EXP20-0767,CLEAN A/RTB,RTB'D YR 2021
MOB-EXP20-1393,CLEAN A/RTB,RTB'D YR 2021
N26-EXP20-0769,CLEAN A/RTB,RTB'D YR 2021
N35-EXP20-0071,CLEAN A/RTB,RTB'D YR 2021
MOB-EXP19-3574,CLEAN A/RTB,RTB'D YR 2021
MOB-EXP19-3287,CLEAN A/RTB,RTB'D YR 2021
N26-EXP20-1628,CLEAN A/RTB,RTB'D YR 2021
N35-EXP20-0076,CLEAN A/RTB,RTB'D YR 2021
MOB-EXP19-2827,CLEAN A/RTB,RTB'D YR 2021
MOB-EXP19-2616,CLEAN A/RTB,RTB'D YR 2021
MOB-EXP19-0988,CLEAN A/RTB,RTB'D YR 2021
MOB-EXP19-0336,CLEAN A/RTB,RTB'D YR 2021
N35-EXP20-0079,CLEAN A/RTB,RTB'D YR 2021
MIT-EXP20-0016,CLEAN A/RTB,RTB'D YR 2021
N26-EXP20-0584,CLEAN A/RTB,RTB'D YR 2021
N26-EXP20-1528,CLEAN A/RTB,RTB'D YR 2021
N26-EXP20-0182,CLEAN A/RTB,RTB'D YR 2021
N26-EXP20-0183,CLEAN A/RTB,RTB'D YR 2021
N26-EXP20-1582,CLEAN A/RTB,RTB'D YR 2021
N26-EXP20-1241,CLEAN A/RTB,RTB'D YR 2021
MOB-EXP19-4906,CLEAN A/RTB,RTB'D YR 2021
MOB-TRFS20-0054,CLEAN A/RTB,RTB'D YR 2021
N35-EXP20-0087,CLEAN A/RTB,RTB'D YR 2021
MOB-EXP19-0353,CLEAN A/RTB,RTB'D YR 2021
MOB-EXP19-1753,CLEAN A/RTB,RTB'D YR 2021
N26-EXP20-0776,CLEAN A/RTB,RTB'D YR 2021
MOB-EXP20-2234,CLEAN A/RTB,RTB'D YR 2021
MOB-EXP20-0288,CLEAN A/RTB,RTB'D YR 2021
MOB-EXP20-0150,CLEAN A/RTB,RTB'D YR 2021
MOB-EXP19-4724,CLEAN A/RTB,RTB'D YR 2021
N26-EXP20-0201,CLEAN A/RTB,RTB'D YR 2021
3GS-EXP20-0382,CLEAN A/RTB,RTB'D YR 2021
3GS-EXP20-2100,CLEAN A/RTB,RTB'D YR 2021
N26-EXP20-1648,CLEAN A/RTB,RTB'D YR 2021
MOB-TRFS20-0081,CLEAN A/RTB,RTB'D YR 2021
MOB-TRFS20-0055,CLEAN A/RTB,RTB'D YR 2021
3GS-EXP20-0125,CLEAN A/RTB,RTB'D YR 2021
3GS-EXP20-1880,CLEAN A/RTB,RTB'D YR 2021
3GS-EXP20-1331,CLEAN A/RTB,RTB'D YR 2021
N26-EXP20-1583,CLEAN A/RTB,RTB'D YR 2021
N26-EXP20-0215,CLEAN A/RTB,RTB'D YR 2021
MOB-TRFS20-0048,CLEAN A/RTB,RTB'D YR 2021
MOB-EXP19-3313,CLEAN A/RTB,RTB'D YR 2021
N26-EXP20-1584,CLEAN A/RTB,RTB'D YR 2021
N26-EXP20-0233,CLEAN A/RTB,RTB'D YR 2021
WTT-EXP19-0188,CLEAN A/RTB,RTB'D YR 2021
MOB-EXP19-2299,CLEAN A/RTB,RTB'D YR 2021
MOB-EXP19-1770,CLEAN A/RTB,RTB'D YR 2021
N26-EXP20-0801,CLEAN A/RTB,RTB'D YR 2021
N26-EXP20-1531,CLEAN A/RTB,RTB'D YR 2021
N26-EXP20-0808,CLEAN A/RTB,RTB'D YR 2021
MOB-EXP19-2434,CLEAN A/RTB,RTB'D YR 2021
MOB-EXP19-2856,CLEAN A/RTB,RTB'D YR 2021
MOB-EXP19-1489,CLEAN A/RTB,RTB'D YR 2021
N26-EXP20-0818,CLEAN A/RTB,RTB'D YR 2021
MOB-EXP20-2604,CLEAN A/RTB,RTB'D YR 2021
MOB-EXP19-2438,CLEAN A/RTB,RTB'D YR 2021
MOB-EXP19-2305,CLEAN A/RTB,RTB'D YR 2021
MOB-EXP20-0596,CLEAN A/RTB,RTB'D YR 2021
N26-EXP20-0823,CLEAN A/RTB,RTB'D YR 2021
MOB-EXP19-3780,CLEAN A/RTB,RTB'D YR 2021
MOB-EXP19-3599,CLEAN A/RTB,RTB'D YR 2021
MOB-EXP19-3097,CLEAN A/RTB,RTB'D YR 2021
MOB-EXP19-3038,CLEAN A/RTB,RTB'D YR 2021
N26-EXP20-1532,CLEAN A/RTB,RTB'D YR 2021
MOB-EXP20-1783,CLEAN A/RTB,RTB'D YR 2021
WTT-EXP19-0800,CLEAN A/RTB,RTB'D YR 2021
MOB-EXP19-2308,CLEAN A/RTB,RTB'D YR 2021
MOB-EXP20-1455,CLEAN A/RTB,RTB'D YR 2021
MOB-EXP20-0606,CLEAN A/RTB,RTB'D YR 2021
N26-EXP20-0840,CLEAN A/RTB,RTB'D YR 2021
MOB-EXP19-3782,CLEAN A/RTB,RTB'D YR 2021
MOB-EXP19-3602,CLEAN A/RTB,RTB'D YR 2021
MOB-EXP19-3337,CLEAN A/RTB,RTB'D YR 2021
MOB-EXP19-3040,CLEAN A/RTB,RTB'D YR 2021
MOB-EXP19-2440,CLEAN A/RTB,RTB'D YR 2021
MOB-EXP19-0466,CLEAN A/RTB,RTB'D YR 2021
MOB-EXP19-1504,CLEAN A/RTB,RTB'D YR 2021
MOB-EXP19-4854,CLEAN A/RTB,RTB'D YR 2021
MOB-EXP19-1026,CLEAN A/RTB,RTB'D YR 2021
MOB-EXP19-1799,CLEAN A/RTB,RTB'D YR 2021
MOB-EXP19-1027,CLEAN A/RTB,RTB'D YR 2021
MOB-EXP19-0473,CLEAN A/RTB,RTB'D YR 2021
MOB-EXP19-2129,CLEAN A/RTB,RTB'D YR 2021
MOB-EXP19-4661,CLEAN A/RTB,RTB'D YR 2021
N26-EXP20-1630,CLEAN A/RTB,RTB'D YR 2021
N26-EXP20-0269,CLEAN A/RTB,RTB'D YR 2021
MOB-EXP19-0478,CLEAN A/RTB,RTB'D YR 2021
MOB-EXP19-1801,CLEAN A/RTB,RTB'D YR 2021
MOB-EXP19-1507,CLEAN A/RTB,RTB'D YR 2021
3GS-EXP20-0172,CLEAN A/RTB,RTB'D YR 2021
3GS-EXP20-1914,CLEAN A/RTB,RTB'D YR 2021
N26-EXP20-1631,CLEAN A/RTB,RTB'D YR 2021
N35-EXP20-0114,CLEAN A/RTB,RTB'D YR 2021
MOB-EXP19-3170,CLEAN A/RTB,RTB'D YR 2021
MOB-EXP19-3609,CLEAN A/RTB,RTB'D YR 2021
MOB-EXP19-3100,CLEAN A/RTB,RTB'D YR 2021
N26-EXP20-1533,CLEAN A/RTB,RTB'D YR 2021
N26-EXP20-0863,CLEAN A/RTB,RTB'D YR 2021
MOB-EXP19-0493,CLEAN A/RTB,RTB'D YR 2021
MOB-EXP19-1810,CLEAN A/RTB,RTB'D YR 2021
MOB-EXP20-2269,CLEAN A/RTB,RTB'D YR 2021
N26-EXP20-0294,CLEAN A/RTB,RTB'D YR 2021
N26-EXP20-0877,CLEAN A/RTB,RTB'D YR 2021
N26-EXP20-1585,CLEAN A/RTB,RTB'D YR 2021
N26-EXP20-1535,CLEAN A/RTB,RTB'D YR 2021
N26-EXP20-0884,CLEAN A/RTB,RTB'D YR 2021
MOB-EXP19-4551,CLEAN A/RTB,RTB'D YR 2021
MOB-EXP19-4891,CLEAN A/RTB,RTB'D YR 2021
N35-EXP20-0128,CLEAN A/RTB,RTB'D YR 2021
MIT-EXP20-0021,CLEAN A/RTB,RTB'D YR 2021
N26-EXP20-1166,CLEAN A/RTB,RTB'D YR 2021
MOB-EXP19-2885,CLEAN A/RTB,RTB'D YR 2021
MOB-EXP19-2886,CLEAN A/RTB,RTB'D YR 2021
N26-EXP20-0908,CLEAN A/RTB,RTB'D YR 2021
MOB-EXP19-1041,CLEAN A/RTB,RTB'D YR 2021
MOB-EXP19-0550,CLEAN A/RTB,RTB'D YR 2021
MOB-EXP19-1836,CLEAN A/RTB,RTB'D YR 2021
N26-EXP20-0319,CLEAN A/RTB,RTB'D YR 2021
WTT-EXP20-0042,CLEAN A/RTB,RTB'D YR 2021
MOB-EXP19-3931,CLEAN A/RTB,RTB'D YR 2021
N26-EXP20-0926,CLEAN A/RTB,RTB'D YR 2021
WTT-EXP20-0045,CLEAN A/RTB,RTB'D YR 2021
MOB-EXP19-4553,CLEAN A/RTB,RTB'D YR 2021
MOB-EXP19-3971,CLEAN A/RTB,RTB'D YR 2021
N26-EXP20-0329,CLEAN A/RTB,RTB'D YR 2021
WTT-EXP20-0046,CLEAN A/RTB,RTB'D YR 2021
N26-EXP20-1540,CLEAN A/RTB,RTB'D YR 2021
N26-EXP20-1587,CLEAN A/RTB,RTB'D YR 2021
WTT-EXP19-0828,CLEAN A/RTB,RTB'D YR 2021
MOB-EXP19-2330,CLEAN A/RTB,RTB'D YR 2021
MOB-EXP19-1537,CLEAN A/RTB,RTB'D YR 2021
MOB-EXP20-2600,CLEAN A/RTB,RTB'D YR 2021
MOB-EXP19-3638,CLEAN A/RTB,RTB'D YR 2021
MOB-EXP19-3377,CLEAN A/RTB,RTB'D YR 2021
N26-EXP20-1588,CLEAN A/RTB,RTB'D YR 2021
N26-EXP20-1589,CLEAN A/RTB,RTB'D YR 2021
3GS-EXP20-0589,CLEAN A/RTB,RTB'D YR 2021
3GS-EXP20-2267,CLEAN A/RTB,RTB'D YR 2021
WTT-EXP19-0834,CLEAN A/RTB,RTB'D YR 2021
N35-EXP20-0146,CLEAN A/RTB,RTB'D YR 2021
N35-EXP20-0150,CLEAN A/RTB,RTB'D YR 2021
MOB-EXP19-3646,CLEAN A/RTB,RTB'D YR 2021
MOB-EXP19-3386,CLEAN A/RTB,RTB'D YR 2021
N26-EXP20-1590,CLEAN A/RTB,RTB'D YR 2021
N26-EXP20-1591,CLEAN A/RTB,RTB'D YR 2021
MOB-TRFS20-0046,CLEAN A/RTB,RTB'D YR 2021
N26-EXP20-1592,CLEAN A/RTB,RTB'D YR 2021
N26-EXP20-1544,CLEAN A/RTB,RTB'D YR 2021
3GS-EXP20-0195,CLEAN A/RTB,RTB'D YR 2021
3GS-EXP20-1934,CLEAN A/RTB,RTB'D YR 2021
N26-EXP20-1545,CLEAN A/RTB,RTB'D YR 2021
MIT-EXP20-0025,CLEAN A/RTB,RTB'D YR 2021
MIT-EXP20-0027,CLEAN A/RTB,RTB'D YR 2021
3GS-EXP20-0415,CLEAN A/RTB,RTB'D YR 2021
3GS-EXP20-2129,CLEAN A/RTB,RTB'D YR 2021
MOB-TRFS20-0040,CLEAN A/RTB,RTB'D YR 2021
N26-EXP20-0378,CLEAN A/RTB,RTB'D YR 2021
N26-EXP20-1594,CLEAN A/RTB,RTB'D YR 2021
N26-EXP20-1547,CLEAN A/RTB,RTB'D YR 2021
N26-EXP20-0976,CLEAN A/RTB,RTB'D YR 2021
MOB-EXP19-3799,CLEAN A/RTB,RTB'D YR 2021
MOB-EXP19-3652,CLEAN A/RTB,RTB'D YR 2021
MOB-EXP19-3115,CLEAN A/RTB,RTB'D YR 2021
MOB-EXP19-3049,CLEAN A/RTB,RTB'D YR 2021
N26-EXP20-1595,CLEAN A/RTB,RTB'D YR 2021
N26-EXP20-0383,CLEAN A/RTB,RTB'D YR 2021
MOB-EXP19-2340,CLEAN A/RTB,RTB'D YR 2021
MOB-EXP19-1880,CLEAN A/RTB,RTB'D YR 2021
MIT-EXP20-0028,CLEAN A/RTB,RTB'D YR 2021
N26-EXP20-1650,CLEAN A/RTB,RTB'D YR 2021
MOB-EXP19-0650,CLEAN A/RTB,RTB'D YR 2021
N26-EXP20-1548,CLEAN A/RTB,RTB'D YR 2021
WTT-EXP19-0890,CLEAN A/RTB,RTB'D YR 2021
WTT-EXP19-0271,CLEAN A/RTB,RTB'D YR 2021
3GS-EXP20-0417,CLEAN A/RTB,RTB'D YR 2021
3GS-EXP20-1025,CLEAN A/RTB,RTB'D YR 2021
3GS-EXP20-2130,CLEAN A/RTB,RTB'D YR 2021
3GS-EXP20-2491,CLEAN A/RTB,RTB'D YR 2021
3GS-EXP20-1398,CLEAN A/RTB,RTB'D YR 2021
N26-EXP20-1549,CLEAN A/RTB,RTB'D YR 2021
N26-EXP20-1551,CLEAN A/RTB,RTB'D YR 2021
N26-EXP20-0400,CLEAN A/RTB,RTB'D YR 2021
MOB-EXP19-3401,CLEAN A/RTB,RTB'D YR 2021
N26-EXP20-0404,CLEAN A/RTB,RTB'D YR 2021
MOB-EXP19-1895,CLEAN A/RTB,RTB'D YR 2021
3GS-EXP20-1404,CLEAN A/RTB,RTB'D YR 2021
3GS-EXP20-2757,CLEAN A/RTB,RTB'D YR 2021
N26-EXP20-1651,CLEAN A/RTB,RTB'D YR 2021
N26-EXP20-1002,CLEAN A/RTB,RTB'D YR 2021
MOB-EXP19-2469,CLEAN A/RTB,RTB'D YR 2021
MOB-EXP19-2344,CLEAN A/RTB,RTB'D YR 2021
MOB-EXP20-0218,CLEAN A/RTB,RTB'D YR 2021
MOB-EXP19-1566,CLEAN A/RTB,RTB'D YR 2021
N26-EXP20-1596,CLEAN A/RTB,RTB'D YR 2021
MOB-EXP19-2921,CLEAN A/RTB,RTB'D YR 2021
N26-EXP20-1552,CLEAN A/RTB,RTB'D YR 2021
N26-EXP20-1007,CLEAN A/RTB,RTB'D YR 2021
MOB-EXP19-1078,CLEAN A/RTB,RTB'D YR 2021
MOB-EXP19-0684,CLEAN A/RTB,RTB'D YR 2021
MOB-EXP19-2186,CLEAN A/RTB,RTB'D YR 2021
MOB-EXP19-2555,CLEAN A/RTB,RTB'D YR 2021
N26-EXP20-1633,CLEAN A/RTB,RTB'D YR 2021
MOB-EXP20-1203,CLEAN A/RTB,RTB'D YR 2021
N26-EXP20-1634,CLEAN A/RTB,RTB'D YR 2021
N26-EXP20-1008,CLEAN A/RTB,RTB'D YR 2021
MIT-EXP20-0030,CLEAN A/RTB,RTB'D YR 2021
3GS-EXP20-0425,CLEAN A/RTB,RTB'D YR 2021
3GS-EXP20-2138,CLEAN A/RTB,RTB'D YR 2021
MOB-EXP19-1900,CLEAN A/RTB,RTB'D YR 2021
N26-EXP20-1597,CLEAN A/RTB,RTB'D YR 2021
MOB-TRFS20-0038,CLEAN A/RTB,RTB'D YR 2021
MOB-EXP19-3805,CLEAN A/RTB,RTB'D YR 2021
MOB-EXP19-3662,CLEAN A/RTB,RTB'D YR 2021
MOB-EXP19-3405,CLEAN A/RTB,RTB'D YR 2021
MOB-EXP19-3052,CLEAN A/RTB,RTB'D YR 2021
N26-EXP20-1598,CLEAN A/RTB,RTB'D YR 2021
N26-EXP20-1599,CLEAN A/RTB,RTB'D YR 2021
N26-EXP20-1600,CLEAN A/RTB,RTB'D YR 2021
MOB-EXP19-0691,CLEAN A/RTB,RTB'D YR 2021
N26-EXP20-1601,CLEAN A/RTB,RTB'D YR 2021
N26-EXP20-0424,CLEAN A/RTB,RTB'D YR 2021
N35-EXP20-0191,CLEAN A/RTB,RTB'D YR 2021
MOB-EXP19-3666,CLEAN A/RTB,RTB'D YR 2021
MOB-EXP19-3412,CLEAN A/RTB,RTB'D YR 2021
N26-EXP20-1554,CLEAN A/RTB,RTB'D YR 2021
N26-EXP20-1235,CLEAN A/RTB,RTB'D YR 2021
N26-EXP20-1603,CLEAN A/RTB,RTB'D YR 2021
3GS-EXP20-1417,CLEAN A/RTB,RTB'D YR 2021
3GS-EXP20-1673,CLEAN A/RTB,RTB'D YR 2021
3GS-EXP20-2768,CLEAN A/RTB,RTB'D YR 2021
3GS-EXP20-2898,CLEAN A/RTB,RTB'D YR 2021
WTT-EXP20-0089,CLEAN A/RTB,RTB'D YR 2021
3GS-EXP20-0234,CLEAN A/RTB,RTB'D YR 2021
3GS-EXP20-1970,CLEAN A/RTB,RTB'D YR 2021
N26-EXP20-1555,CLEAN A/RTB,RTB'D YR 2021
MOB-EXP19-2972,CLEAN A/RTB,RTB'D YR 2021
MOB-EXP19-2567,CLEAN A/RTB,RTB'D YR 2021
N26-EXP20-1604,CLEAN A/RTB,RTB'D YR 2021
N26-EXP20-1184,CLEAN A/RTB,RTB'D YR 2021
N26-EXP20-1605,CLEAN A/RTB,RTB'D YR 2021
N26-EXP20-1034,CLEAN A/RTB,RTB'D YR 2021
MOB-EXP19-2479,CLEAN A/RTB,RTB'D YR 2021
MOB-EXP19-0739,CLEAN A/RTB,RTB'D YR 2021
MOB-EXP19-2669,CLEAN A/RTB,RTB'D YR 2021
MOB-EXP19-1578,CLEAN A/RTB,RTB'D YR 2021
N26-EXP20-1204,CLEAN A/RTB,RTB'D YR 2021
N26-EXP20-1036,CLEAN A/RTB,RTB'D YR 2021
MOB-EXP19-3175,CLEAN A/RTB,RTB'D YR 2021
MOB-EXP19-3668,CLEAN A/RTB,RTB'D YR 2021
MOB-EXP19-3420,CLEAN A/RTB,RTB'D YR 2021
MOB-EXP19-3053,CLEAN A/RTB,RTB'D YR 2021
MOB-EXP19-4902,CLEAN A/RTB,RTB'D YR 2021
MOB-TRFS20-0039,CLEAN A/RTB,RTB'D YR 2021
N26-EXP20-1606,CLEAN A/RTB,RTB'D YR 2021
N35-EXP20-0259,CLEAN A/RTB,RTB'D YR 2021
N26-EXP20-1636,CLEAN A/RTB,RTB'D YR 2021
WTT-EXP19-1004,CLEAN A/RTB,RTB'D YR 2021
3GS-EXP20-0438,CLEAN A/RTB,RTB'D YR 2021
3GS-EXP20-2497,CLEAN A/RTB,RTB'D YR 2021
N26-EXP20-1608,CLEAN A/RTB,RTB'D YR 2021
N26-EXP20-0635,CLEAN A/RTB,RTB'D YR 2021
3GS-EXP20-0632,CLEAN A/RTB,RTB'D YR 2021
3GS-EXP20-2302,CLEAN A/RTB,RTB'D YR 2021
MIT-EXP20-0035,CLEAN A/RTB,RTB'D YR 2021
3GS-EXP20-1464,CLEAN A/RTB,RTB'D YR 2021
3GS-EXP20-2814,CLEAN A/RTB,RTB'D YR 2021
3GS-EXP20-2933,CLEAN A/RTB,RTB'D YR 2021
MOB-EXP20-0816,CLEAN A/RTB,RTB'D YR 2021
3GS-EXP20-1478,CLEAN A/RTB,RTB'D YR 2021
3GS-EXP20-2828,CLEAN A/RTB,RTB'D YR 2021
3GS-EXP20-2946,CLEAN A/RTB,RTB'D YR 2021
3GS-EXP20-2994,CLEAN A/RTB,RTB'D YR 2021
MOB-EXP20-2313,CLEAN A/RTB,RTB'D YR 2021
MOB-EXP20-1573,CLEAN A/RTB,RTB'D YR 2021
3GS-EXP20-1480,CLEAN A/RTB,RTB'D YR 2021
3GS-EXP20-2830,CLEAN A/RTB,RTB'D YR 2021
3GS-EXP20-2995,CLEAN A/RTB,RTB'D YR 2021
N26-EXP20-1081,CLEAN A/RTB,RTB'D YR 2021
MOB-EXP19-0785,CLEAN A/RTB,RTB'D YR 2021
MOB-EXP19-2483,CLEAN A/RTB,RTB'D YR 2021
MOB-EXP19-0788,CLEAN A/RTB,RTB'D YR 2021
MOB-EXP20-1813,CLEAN A/RTB,RTB'D YR 2021
MOB-EXP19-1595,CLEAN A/RTB,RTB'D YR 2021
N35-EXP20-0208,CLEAN A/RTB,RTB'D YR 2021
N26-EXP20-1610,CLEAN A/RTB,RTB'D YR 2021
MOB-EXP19-4870,CLEAN A/RTB,RTB'D YR 2021
N26-EXP20-1562,CLEAN A/RTB,RTB'D YR 2021
N26-EXP20-0488,CLEAN A/RTB,RTB'D YR 2021
3GS-EXP20-0652,CLEAN A/RTB,RTB'D YR 2021
3GS-EXP20-2319,CLEAN A/RTB,RTB'D YR 2021
MIT-EXP20-0037,CLEAN A/RTB,RTB'D YR 2021
MIT-EXP20-0038,CLEAN A/RTB,RTB'D YR 2021
MOB-TRFS20-0045,CLEAN A/RTB,RTB'D YR 2021
N26-EXP20-1611,CLEAN A/RTB,RTB'D YR 2021
3GS-EXP20-0454,CLEAN A/RTB,RTB'D YR 2021
3GS-EXP20-2165,CLEAN A/RTB,RTB'D YR 2021
3GS-EXP20-0459,CLEAN A/RTB,RTB'D YR 2021
3GS-EXP20-2167,CLEAN A/RTB,RTB'D YR 2021
N26-EXP20-0526,CLEAN A/RTB,RTB'D YR 2021
MOB-EXP20-2327,CLEAN A/RTB,RTB'D YR 2021
3GS-EXP20-1773,CLEAN A/RTB,RTB'D YR 2021
3GS-EXP20-2857,CLEAN A/RTB,RTB'D YR 2021
RED-EXP20-2765,CLEAN A/RTB,RTB'D YR 2021
3GS-EXP20-0663,CLEAN A/RTB,RTB'D YR 2021
3GS-EXP20-2329,CLEAN A/RTB,RTB'D YR 2021
MIT-EXP20-0039,CLEAN A/RTB,RTB'D YR 2021
N26-EXP20-1612,CLEAN A/RTB,RTB'D YR 2021
N26-EXP20-1564,CLEAN A/RTB,RTB'D YR 2021
N35-EXP20-0232,CLEAN A/RTB,RTB'D YR 2021
N26-EXP20-0553,CLEAN A/RTB,RTB'D YR 2021
MOB-EXP19-3982,CLEAN A/RTB,RTB'D YR 2021
MOB-EXP19-1134,CLEAN A/RTB,RTB'D YR 2021
MOB-EXP19-0880,CLEAN A/RTB,RTB'D YR 2021
MOB-EXP19-2245,CLEAN A/RTB,RTB'D YR 2021
MOB-EXP19-2562,CLEAN A/RTB,RTB'D YR 2021
MOB-EXP20-1634,CLEAN A/RTB,RTB'D YR 2021
N35-EXP20-0238,CLEAN A/RTB,RTB'D YR 2021
N26-EXP20-1615,CLEAN A/RTB,RTB'D YR 2021
N26-EXP20-1616,CLEAN A/RTB,RTB'D YR 2021
MOB-EXP19-1137,CLEAN A/RTB,RTB'D YR 2021
MOB-EXP19-0895,CLEAN A/RTB,RTB'D YR 2021
N26-EXP20-1146,CLEAN A/RTB,RTB'D YR 2021
3GS-EXP20-0470,CLEAN A/RTB,RTB'D YR 2021
3GS-EXP20-2174,CLEAN A/RTB,RTB'D YR 2021
WTT-EXP19-0889,CLEAN A/RTB,RTB'D YR 2021
MOB-EXP19-2368,CLEAN A/RTB,RTB'D YR 2021
MOB-EXP19-1991,CLEAN A/RTB,RTB'D YR 2021
N35-EXP20-0266,CLEAN A/RTB,RTB'D YR 2021
N26-EXP20-1195,CLEAN A/RTB,RTB'D YR 2021
N26-EXP20-1617,CLEAN A/RTB,RTB'D YR 2021
3GS-EXP20-3429,CLEAN A/RTB,RTB'D YR 2021
3GS-EXP20-3453,CLEAN A/RTB,RTB'D YR 2021
3GS-EXP20-3560,CLEAN A/RTB,RTB'D YR 2021
3GS-EXP20-3561,CLEAN A/RTB,RTB'D YR 2021
3GS-EXP20-3638,CLEAN A/RTB,RTB'D YR 2021
3GS-EXP20-3639,CLEAN A/RTB,RTB'D YR 2021
3GS-EXP20-3731,CLEAN A/RTB,RTB'D YR 2021
3GS-EXP20-3732,CLEAN A/RTB,RTB'D YR 2021
3GS-EXP20-3738,CLEAN A/RTB,RTB'D YR 2021
3GS-EXP20-3739,CLEAN A/RTB,RTB'D YR 2021
3GS-EXP20-3779,CLEAN A/RTB,RTB'D YR 2021
3GS-EXP20-3780,CLEAN A/RTB,RTB'D YR 2021
3GS-EXP20-3785,CLEAN A/RTB,RTB'D YR 2021
3GS-EXP20-3786,CLEAN A/RTB,RTB'D YR 2021
3GS-EXP20-3814,CLEAN A/RTB,RTB'D YR 2021
3GS-EXP20-3819,CLEAN A/RTB,RTB'D YR 2021
3GS-EXP20-3820,CLEAN A/RTB,RTB'D YR 2021
3GS-EXP20-3837,CLEAN A/RTB,RTB'D YR 2021
3GS-EXP20-3843,CLEAN A/RTB,RTB'D YR 2021
3GS-EXP20-3844,CLEAN A/RTB,RTB'D YR 2021
3GS-EXP20-3859,CLEAN A/RTB,RTB'D YR 2021
3GS-EXP20-3908,CLEAN A/RTB,RTB'D YR 2021
3GS-EXP20-3909,CLEAN A/RTB,RTB'D YR 2021
3GS-EXP20-3942,CLEAN A/RTB,RTB'D YR 2021
3GS-EXP20-3943,CLEAN A/RTB,RTB'D YR 2021
3GS-EXP20-3946,CLEAN A/RTB,RTB'D YR 2021
3GS-EXP20-4000,CLEAN A/RTB,RTB'D YR 2021
3GS-EXP20-4001,CLEAN A/RTB,RTB'D YR 2021
3GS-EXP20-4018,CLEAN A/RTB,RTB'D YR 2021
3GS-EXP20-4092,CLEAN A/RTB,RTB'D YR 2021
3GS-EXP20-4093,CLEAN A/RTB,RTB'D YR 2021
3GS-EXP20-4105,CLEAN A/RTB,RTB'D YR 2021
3GS-EXP20-4119,CLEAN A/RTB,RTB'D YR 2021
3GS-EXP20-4133,CLEAN A/RTB,RTB'D YR 2021
3GS-EXP20-4134,CLEAN A/RTB,RTB'D YR 2021
3GS-EXP20-4158,CLEAN A/RTB,RTB'D YR 2021
3GS-EXP20-4159,CLEAN A/RTB,RTB'D YR 2021
3GS-EXP20-4160,CLEAN A/RTB,RTB'D YR 2021
3GS-EXP20-4170,CLEAN A/RTB,RTB'D YR 2021
3GS-EXP20-4171,CLEAN A/RTB,RTB'D YR 2021
3GS-EXP20-4177,CLEAN A/RTB,RTB'D YR 2021
3GS-EXP20-4178,CLEAN A/RTB,RTB'D YR 2021
3GS-EXP20-4204,CLEAN A/RTB,RTB'D YR 2021
3GS-EXP20-4235,CLEAN A/RTB,RTB'D YR 2021
3GS-EXP20-4236,CLEAN A/RTB,RTB'D YR 2021
3GS-EXP20-4251,CLEAN A/RTB,RTB'D YR 2021
3GS-EXP20-4252,CLEAN A/RTB,RTB'D YR 2021
3GS-EXP20-4253,CLEAN A/RTB,RTB'D YR 2021
3GS-EXP20-4292,CLEAN A/RTB,RTB'D YR 2021
3GS-EXP20-4293,CLEAN A/RTB,RTB'D YR 2021
3GS-EXP20-4345,CLEAN A/RTB,RTB'D YR 2021
3GS-EXP20-4346,CLEAN A/RTB,RTB'D YR 2021
3GS-EXP20-4368,CLEAN A/RTB,RTB'D YR 2021
3GS-EXP20-4369,CLEAN A/RTB,RTB'D YR 2021
3GS-EXP20-4387,CLEAN A/RTB,RTB'D YR 2021
3GS-EXP20-4388,CLEAN A/RTB,RTB'D YR 2021
3GS-EXP20-4435,CLEAN A/RTB,RTB'D YR 2021
3GS-EXP20-4436,CLEAN A/RTB,RTB'D YR 2021
3GS-EXP20-4466,CLEAN A/RTB,RTB'D YR 2021
3GS-EXP20-4468,CLEAN A/RTB,RTB'D YR 2021
3GS-EXP20-4553,CLEAN A/RTB,RTB'D YR 2021
3GS-EXP20-4620,CLEAN A/RTB,RTB'D YR 2021
3GS-EXP20-4621,CLEAN A/RTB,RTB'D YR 2021
3GS-EXP20-4636,CLEAN A/RTB,RTB'D YR 2021
3GS-EXP20-4637,CLEAN A/RTB,RTB'D YR 2021
3GS-EXP20-4778,CLEAN A/RTB,RTB'D YR 2021
3GS-EXP20-4779,CLEAN A/RTB,RTB'D YR 2021
3GS-EXP20-4879,CLEAN A/RTB,RTB'D YR 2021
3GS-EXP20-4880,CLEAN A/RTB,RTB'D YR 2021
3GS-EXP20-4881,CLEAN A/RTB,RTB'D YR 2021
3GS-EXP20-4902,CLEAN A/RTB,RTB'D YR 2021
3GS-EXP20-4916,CLEAN A/RTB,RTB'D YR 2021
3GS-EXP20-4917,CLEAN A/RTB,RTB'D YR 2021
3GS-EXP20-4968,CLEAN A/RTB,RTB'D YR 2021
3GS-EXP20-5065,CLEAN A/RTB,RTB'D YR 2021
3GS-EXP20-5082,CLEAN A/RTB,RTB'D YR 2021
3GS-EXP20-5083,CLEAN A/RTB,RTB'D YR 2021
3GS-EXP20-5092,CLEAN A/RTB,RTB'D YR 2021
3GS-EXP20-5093,CLEAN A/RTB,RTB'D YR 2021
3GS-EXP20-5098,CLEAN A/RTB,RTB'D YR 2021
3GS-EXP20-5099,CLEAN A/RTB,RTB'D YR 2021
3GS-EXP20-5110,CLEAN A/RTB,RTB'D YR 2021
3GS-EXP20-5111,CLEAN A/RTB,RTB'D YR 2021
3GS-EXP20-5159,CLEAN A/RTB,RTB'D YR 2021
3GS-EXP20-5160,CLEAN A/RTB,RTB'D YR 2021
3GS-EXP20-5185,CLEAN A/RTB,RTB'D YR 2021
3GS-EXP20-5186,CLEAN A/RTB,RTB'D YR 2021
3GS-EXP20-5226,CLEAN A/RTB,RTB'D YR 2021
3GS-EXP20-5227,CLEAN A/RTB,RTB'D YR 2021
3GS-EXP20-5245,CLEAN A/RTB,RTB'D YR 2021
3GS-EXP20-5246,CLEAN A/RTB,RTB'D YR 2021
3GS-EXP20-5268,CLEAN A/RTB,RTB'D YR 2021
3GS-EXP20-5325,CLEAN A/RTB,RTB'D YR 2021
3GS-EXP20-5333,CLEAN A/RTB,RTB'D YR 2021
3GS-EXP20-5334,CLEAN A/RTB,RTB'D YR 2021
3GS-EXP20-5361,CLEAN A/RTB,RTB'D YR 2021
3GS-EXP20-5362,CLEAN A/RTB,RTB'D YR 2021
3GS-EXP20-5381,CLEAN A/RTB,RTB'D YR 2021
3GS-EXP20-5384,CLEAN A/RTB,RTB'D YR 2021
3GS-EXP20-5386,CLEAN A/RTB,RTB'D YR 2021
3GS-EXP20-5390,CLEAN A/RTB,RTB'D YR 2021
3GS-EXP20-5391,CLEAN A/RTB,RTB'D YR 2021
3GS-EXP20-5394,CLEAN A/RTB,RTB'D YR 2021
3GS-EXP20-5395,CLEAN A/RTB,RTB'D YR 2021
3GS-EXP20-5424,CLEAN A/RTB,RTB'D YR 2021
3GS-EXP20-5426,CLEAN A/RTB,RTB'D YR 2021
3GS-EXP20-5430,CLEAN A/RTB,RTB'D YR 2021
3GS-EXP20-5454,CLEAN A/RTB,RTB'D YR 2021
3GS-EXP20-5469,CLEAN A/RTB,RTB'D YR 2021
3GS-EXP20-5470,CLEAN A/RTB,RTB'D YR 2021
3GS-EXP20-5473,CLEAN A/RTB,RTB'D YR 2021
3GS-EXP20-5489,CLEAN A/RTB,RTB'D YR 2021
3GS-EXP20-5522,CLEAN A/RTB,RTB'D YR 2021
3GS-EXP20-5523,CLEAN A/RTB,RTB'D YR 2021
3GS-EXP20-5542,CLEAN A/RTB,RTB'D YR 2021
3GS-EXP20-5543,CLEAN A/RTB,RTB'D YR 2021
3GS-EXP20-5782,CLEAN A/RTB,RTB'D YR 2021
3GS-EXP20-5783,CLEAN A/RTB,RTB'D YR 2021
3GS-EXP20-5808,CLEAN A/RTB,RTB'D YR 2021
3GS-EXP20-5830,CLEAN A/RTB,RTB'D YR 2021
3GS-EXP20-5832,CLEAN A/RTB,RTB'D YR 2021
3GS-EXP20-5838,CLEAN A/RTB,RTB'D YR 2021
3GS-EXP20-5878,CLEAN A/RTB,RTB'D YR 2021
3GS-EXP20-5885,CLEAN A/RTB,RTB'D YR 2021
3GS-EXP20-5898,CLEAN A/RTB,RTB'D YR 2021
3GS-EXP20-5966,CLEAN A/RTB,RTB'D YR 2021
3GS-EXP20-6167,CLEAN A/RTB,RTB'D YR 2021
3GS-EXP20-6887,CLEAN A/RTB,RTB'D YR 2021
3GS-EXP20-6980,CLEAN A/RTB,RTB'D YR 2021
3GS-EXP20-7562,CLEAN A/RTB,RTB'D YR 2021
3GS-EXP20-7566,CLEAN A/RTB,RTB'D YR 2021
3GS-EXP20-7570,CLEAN A/RTB,RTB'D YR 2021
3GS-EXP20-7662,CLEAN A/RTB,RTB'D YR 2021
3GS-EXP20-5807,CLEAN A/RTB,RTB'D YR 2021
3GS-EXP20-5899,CLEAN A/RTB,RTB'D YR 2021
3GS-EXP20-5935,CLEAN A/RTB,RTB'D YR 2021
3GS-EXP20-5936,CLEAN A/RTB,RTB'D YR 2021
3GS-EXP20-5963,CLEAN A/RTB,RTB'D YR 2021
3GS-EXP20-5964,CLEAN A/RTB,RTB'D YR 2021
3GS-EXP20-6035,CLEAN A/RTB,RTB'D YR 2021
3GS-EXP20-6036,CLEAN A/RTB,RTB'D YR 2021
3GS-EXP20-6048,CLEAN A/RTB,RTB'D YR 2021
3GS-EXP20-6166,CLEAN A/RTB,RTB'D YR 2021
3GS-EXP20-6170,CLEAN A/RTB,RTB'D YR 2021
3GS-EXP20-6171,CLEAN A/RTB,RTB'D YR 2021
3GS-EXP20-6285,CLEAN A/RTB,RTB'D YR 2021
3GS-EXP20-6286,CLEAN A/RTB,RTB'D YR 2021
3GS-EXP20-6297,CLEAN A/RTB,RTB'D YR 2021
3GS-EXP20-6298,CLEAN A/RTB,RTB'D YR 2021
3GS-EXP20-6357,CLEAN A/RTB,RTB'D YR 2021
3GS-EXP20-6358,CLEAN A/RTB,RTB'D YR 2021
3GS-EXP20-6360,CLEAN A/RTB,RTB'D YR 2021
3GS-EXP20-6396,CLEAN A/RTB,RTB'D YR 2021
3GS-EXP20-6399,CLEAN A/RTB,RTB'D YR 2021
3GS-EXP20-6409,CLEAN A/RTB,RTB'D YR 2021
3GS-EXP20-6410,CLEAN A/RTB,RTB'D YR 2021
3GS-EXP20-6412,CLEAN A/RTB,RTB'D YR 2021
3GS-EXP20-6455,CLEAN A/RTB,RTB'D YR 2021
3GS-EXP20-6457,CLEAN A/RTB,RTB'D YR 2021
3GS-EXP20-6458,CLEAN A/RTB,RTB'D YR 2021
3GS-EXP20-6459,CLEAN A/RTB,RTB'D YR 2021
3GS-EXP20-6461,CLEAN A/RTB,RTB'D YR 2021
3GS-EXP20-6463,CLEAN A/RTB,RTB'D YR 2021
3GS-EXP20-6464,CLEAN A/RTB,RTB'D YR 2021
3GS-EXP20-6466,CLEAN A/RTB,RTB'D YR 2021
3GS-EXP20-6468,CLEAN A/RTB,RTB'D YR 2021
3GS-EXP20-6469,CLEAN A/RTB,RTB'D YR 2021
3GS-EXP20-6471,CLEAN A/RTB,RTB'D YR 2021
3GS-EXP20-6483,CLEAN A/RTB,RTB'D YR 2021
3GS-EXP20-6484,CLEAN A/RTB,RTB'D YR 2021
3GS-EXP20-6486,CLEAN A/RTB,RTB'D YR 2021
3GS-EXP20-6489,CLEAN A/RTB,RTB'D YR 2021
3GS-EXP20-6491,CLEAN A/RTB,RTB'D YR 2021
3GS-EXP20-6514,CLEAN A/RTB,RTB'D YR 2021
3GS-EXP20-6517,CLEAN A/RTB,RTB'D YR 2021
3GS-EXP20-6518,CLEAN A/RTB,RTB'D YR 2021
3GS-EXP20-6521,CLEAN A/RTB,RTB'D YR 2021
3GS-EXP20-6524,CLEAN A/RTB,RTB'D YR 2021
3GS-EXP20-6525,CLEAN A/RTB,RTB'D YR 2021
3GS-EXP20-6527,CLEAN A/RTB,RTB'D YR 2021
3GS-EXP20-6541,CLEAN A/RTB,RTB'D YR 2021
3GS-EXP20-6542,CLEAN A/RTB,RTB'D YR 2021
3GS-EXP20-6544,CLEAN A/RTB,RTB'D YR 2021
3GS-EXP20-6567,CLEAN A/RTB,RTB'D YR 2021
3GS-EXP20-6635,CLEAN A/RTB,RTB'D YR 2021
3GS-EXP20-6636,CLEAN A/RTB,RTB'D YR 2021
3GS-EXP20-6638,CLEAN A/RTB,RTB'D YR 2021
3GS-EXP20-6670,CLEAN A/RTB,RTB'D YR 2021
3GS-EXP20-6671,CLEAN A/RTB,RTB'D YR 2021
3GS-EXP20-6673,CLEAN A/RTB,RTB'D YR 2021
3GS-EXP20-6688,CLEAN A/RTB,RTB'D YR 2021
3GS-EXP20-6689,CLEAN A/RTB,RTB'D YR 2021
3GS-EXP20-6691,CLEAN A/RTB,RTB'D YR 2021
3GS-EXP20-6692,CLEAN A/RTB,RTB'D YR 2021
3GS-EXP20-6700,CLEAN A/RTB,RTB'D YR 2021
3GS-EXP20-6702,CLEAN A/RTB,RTB'D YR 2021
3GS-EXP20-6703,CLEAN A/RTB,RTB'D YR 2021
3GS-EXP20-6704,CLEAN A/RTB,RTB'D YR 2021
3GS-EXP20-6706,CLEAN A/RTB,RTB'D YR 2021
3GS-EXP20-6768,CLEAN A/RTB,RTB'D YR 2021
3GS-EXP20-6770,CLEAN A/RTB,RTB'D YR 2021
3GS-EXP20-6771,CLEAN A/RTB,RTB'D YR 2021
3GS-EXP20-6772,CLEAN A/RTB,RTB'D YR 2021
3GS-EXP20-6774,CLEAN A/RTB,RTB'D YR 2021
3GS-EXP20-6779,CLEAN A/RTB,RTB'D YR 2021
3GS-EXP20-6780,CLEAN A/RTB,RTB'D YR 2021
3GS-EXP20-6782,CLEAN A/RTB,RTB'D YR 2021
3GS-EXP20-6785,CLEAN A/RTB,RTB'D YR 2021
3GS-EXP20-6786,CLEAN A/RTB,RTB'D YR 2021
3GS-EXP20-6788,CLEAN A/RTB,RTB'D YR 2021
3GS-EXP20-6791,CLEAN A/RTB,RTB'D YR 2021
3GS-EXP20-6793,CLEAN A/RTB,RTB'D YR 2021
3GS-EXP20-6836,CLEAN A/RTB,RTB'D YR 2021
3GS-EXP20-6837,CLEAN A/RTB,RTB'D YR 2021
3GS-EXP20-6839,CLEAN A/RTB,RTB'D YR 2021
3GS-EXP20-6863,CLEAN A/RTB,RTB'D YR 2021
3GS-EXP20-6865,CLEAN A/RTB,RTB'D YR 2021
3GS-EXP20-6866,CLEAN A/RTB,RTB'D YR 2021
3GS-EXP20-6868,CLEAN A/RTB,RTB'D YR 2021
3GS-EXP20-6870,CLEAN A/RTB,RTB'D YR 2021
3GS-EXP20-6878,CLEAN A/RTB,RTB'D YR 2021
3GS-EXP20-6879,CLEAN A/RTB,RTB'D YR 2021
3GS-EXP20-6881,CLEAN A/RTB,RTB'D YR 2021
3GS-EXP20-6886,CLEAN A/RTB,RTB'D YR 2021
3GS-EXP20-6889,CLEAN A/RTB,RTB'D YR 2021
3GS-EXP20-6904,CLEAN A/RTB,RTB'D YR 2021
3GS-EXP20-6905,CLEAN A/RTB,RTB'D YR 2021
3GS-EXP20-6907,CLEAN A/RTB,RTB'D YR 2021
3GS-EXP20-6912,CLEAN A/RTB,RTB'D YR 2021
3GS-EXP20-6914,CLEAN A/RTB,RTB'D YR 2021
3GS-EXP20-6953,CLEAN A/RTB,RTB'D YR 2021
3GS-EXP20-6954,CLEAN A/RTB,RTB'D YR 2021
3GS-EXP20-6956,CLEAN A/RTB,RTB'D YR 2021
3GS-EXP20-6979,CLEAN A/RTB,RTB'D YR 2021
3GS-EXP20-6982,CLEAN A/RTB,RTB'D YR 2021
3GS-EXP20-7017,CLEAN A/RTB,RTB'D YR 2021
3GS-EXP20-7018,CLEAN A/RTB,RTB'D YR 2021
3GS-EXP20-7020,CLEAN A/RTB,RTB'D YR 2021
3GS-EXP20-7052,CLEAN A/RTB,RTB'D YR 2021
3GS-EXP20-7053,CLEAN A/RTB,RTB'D YR 2021
3GS-EXP20-7055,CLEAN A/RTB,RTB'D YR 2021
3GS-EXP20-7056,CLEAN A/RTB,RTB'D YR 2021
3GS-EXP20-7104,CLEAN A/RTB,RTB'D YR 2021
3GS-EXP20-7105,CLEAN A/RTB,RTB'D YR 2021
3GS-EXP20-7107,CLEAN A/RTB,RTB'D YR 2021
3GS-EXP20-7117,CLEAN A/RTB,RTB'D YR 2021
3GS-EXP20-7119,CLEAN A/RTB,RTB'D YR 2021
3GS-EXP20-7120,CLEAN A/RTB,RTB'D YR 2021
3GS-EXP20-7135,CLEAN A/RTB,RTB'D YR 2021
3GS-EXP20-7136,CLEAN A/RTB,RTB'D YR 2021
3GS-EXP20-7138,CLEAN A/RTB,RTB'D YR 2021
3GS-EXP20-7253,CLEAN A/RTB,RTB'D YR 2021
3GS-EXP20-7272,CLEAN A/RTB,RTB'D YR 2021
3GS-EXP20-7291,CLEAN A/RTB,RTB'D YR 2021
3GS-EXP20-7292,CLEAN A/RTB,RTB'D YR 2021
3GS-EXP20-7294,CLEAN A/RTB,RTB'D YR 2021
3GS-EXP20-7295,CLEAN A/RTB,RTB'D YR 2021
3GS-EXP20-7296,CLEAN A/RTB,RTB'D YR 2021
3GS-EXP20-7298,CLEAN A/RTB,RTB'D YR 2021
3GS-EXP20-7299,CLEAN A/RTB,RTB'D YR 2021
3GS-EXP20-7300,CLEAN A/RTB,RTB'D YR 2021
3GS-EXP20-7302,CLEAN A/RTB,RTB'D YR 2021
3GS-EXP20-7317,CLEAN A/RTB,RTB'D YR 2021
3GS-EXP20-7318,CLEAN A/RTB,RTB'D YR 2021
3GS-EXP20-7320,CLEAN A/RTB,RTB'D YR 2021
3GS-EXP20-7336,CLEAN A/RTB,RTB'D YR 2021
3GS-EXP20-7337,CLEAN A/RTB,RTB'D YR 2021
3GS-EXP20-7339,CLEAN A/RTB,RTB'D YR 2021
3GS-EXP20-7367,CLEAN A/RTB,RTB'D YR 2021
3GS-EXP20-7368,CLEAN A/RTB,RTB'D YR 2021
3GS-EXP20-7370,CLEAN A/RTB,RTB'D YR 2021
3GS-EXP20-7371,CLEAN A/RTB,RTB'D YR 2021
3GS-EXP20-7373,CLEAN A/RTB,RTB'D YR 2021
3GS-EXP20-7381,CLEAN A/RTB,RTB'D YR 2021
3GS-EXP20-7383,CLEAN A/RTB,RTB'D YR 2021
3GS-EXP20-7426,CLEAN A/RTB,RTB'D YR 2021
3GS-EXP20-7428,CLEAN A/RTB,RTB'D YR 2021
3GS-EXP20-7431,CLEAN A/RTB,RTB'D YR 2021
3GS-EXP20-7433,CLEAN A/RTB,RTB'D YR 2021
3GS-EXP20-7434,CLEAN A/RTB,RTB'D YR 2021
3GS-EXP20-7435,CLEAN A/RTB,RTB'D YR 2021
3GS-EXP20-7437,CLEAN A/RTB,RTB'D YR 2021
3GS-EXP20-7442,CLEAN A/RTB,RTB'D YR 2021
3GS-EXP20-7443,CLEAN A/RTB,RTB'D YR 2021
3GS-EXP20-7445,CLEAN A/RTB,RTB'D YR 2021
3GS-EXP20-7446,CLEAN A/RTB,RTB'D YR 2021
3GS-EXP20-7447,CLEAN A/RTB,RTB'D YR 2021
3GS-EXP20-7449,CLEAN A/RTB,RTB'D YR 2021
3GS-EXP20-7474,CLEAN A/RTB,RTB'D YR 2021
3GS-EXP20-7475,CLEAN A/RTB,RTB'D YR 2021
3GS-EXP20-7477,CLEAN A/RTB,RTB'D YR 2021
3GS-EXP20-7488,CLEAN A/RTB,RTB'D YR 2021
3GS-EXP20-7492,CLEAN A/RTB,RTB'D YR 2021
3GS-EXP20-7494,CLEAN A/RTB,RTB'D YR 2021
3GS-EXP20-7507,CLEAN A/RTB,RTB'D YR 2021
3GS-EXP20-7510,CLEAN A/RTB,RTB'D YR 2021
3GS-EXP20-7512,CLEAN A/RTB,RTB'D YR 2021
3GS-EXP20-7545,CLEAN A/RTB,RTB'D YR 2021
3GS-EXP20-7546,CLEAN A/RTB,RTB'D YR 2021
3GS-EXP20-7548,CLEAN A/RTB,RTB'D YR 2021
3GS-EXP20-7551,CLEAN A/RTB,RTB'D YR 2021
3GS-EXP20-7552,CLEAN A/RTB,RTB'D YR 2021
3GS-EXP20-7554,CLEAN A/RTB,RTB'D YR 2021
3GS-EXP20-7561,CLEAN A/RTB,RTB'D YR 2021
3GS-EXP20-7564,CLEAN A/RTB,RTB'D YR 2021
3GS-EXP20-7565,CLEAN A/RTB,RTB'D YR 2021
3GS-EXP20-7568,CLEAN A/RTB,RTB'D YR 2021
3GS-EXP20-7569,CLEAN A/RTB,RTB'D YR 2021
3GS-EXP20-7572,CLEAN A/RTB,RTB'D YR 2021
3GS-EXP20-7586,CLEAN A/RTB,RTB'D YR 2021
3GS-EXP20-7596,CLEAN A/RTB,RTB'D YR 2021
3GS-EXP20-7603,CLEAN A/RTB,RTB'D YR 2021
3GS-EXP20-7605,CLEAN A/RTB,RTB'D YR 2021
3GS-EXP20-7612,CLEAN A/RTB,RTB'D YR 2021
3GS-EXP20-7613,CLEAN A/RTB,RTB'D YR 2021
3GS-EXP20-7615,CLEAN A/RTB,RTB'D YR 2021
3GS-EXP20-7616,CLEAN A/RTB,RTB'D YR 2021
3GS-EXP20-7622,CLEAN A/RTB,RTB'D YR 2021
3GS-EXP20-7623,CLEAN A/RTB,RTB'D YR 2021
3GS-EXP20-7625,CLEAN A/RTB,RTB'D YR 2021
3GS-EXP20-7633,CLEAN A/RTB,RTB'D YR 2021
3GS-EXP20-7634,CLEAN A/RTB,RTB'D YR 2021
3GS-EXP20-7636,CLEAN A/RTB,RTB'D YR 2021
3GS-EXP20-7639,CLEAN A/RTB,RTB'D YR 2021
3GS-EXP20-7641,CLEAN A/RTB,RTB'D YR 2021
3GS-EXP20-7642,CLEAN A/RTB,RTB'D YR 2021
3GS-EXP20-7643,CLEAN A/RTB,RTB'D YR 2021
3GS-EXP20-7645,CLEAN A/RTB,RTB'D YR 2021
3GS-EXP20-7646,CLEAN A/RTB,RTB'D YR 2021
3GS-EXP20-7647,CLEAN A/RTB,RTB'D YR 2021
3GS-EXP20-7649,CLEAN A/RTB,RTB'D YR 2021
3GS-EXP20-7650,CLEAN A/RTB,RTB'D YR 2021
3GS-EXP20-7651,CLEAN A/RTB,RTB'D YR 2021
3GS-EXP20-7653,CLEAN A/RTB,RTB'D YR 2021
3GS-EXP20-7656,CLEAN A/RTB,RTB'D YR 2021
3GS-EXP20-7658,CLEAN A/RTB,RTB'D YR 2021
3GS-EXP20-7661,CLEAN A/RTB,RTB'D YR 2021
3GS-EXP20-7664,CLEAN A/RTB,RTB'D YR 2021
3GS-EXP20-7677,CLEAN A/RTB,RTB'D YR 2021
3GS-EXP20-7679,CLEAN A/RTB,RTB'D YR 2021
3GS-EXP20-7686,CLEAN A/RTB,RTB'D YR 2021
3GS-EXP20-7687,CLEAN A/RTB,RTB'D YR 2021
3GS-EXP20-7689,CLEAN A/RTB,RTB'D YR 2021
3GS-EXP20-7713,CLEAN A/RTB,RTB'D YR 2021
3GS-EXP20-7714,CLEAN A/RTB,RTB'D YR 2021
3GS-EXP20-7716,CLEAN A/RTB,RTB'D YR 2021
3GS-EXP20-7736,CLEAN A/RTB,RTB'D YR 2021
3GS-EXP20-7738,CLEAN A/RTB,RTB'D YR 2021
3GS-EXP20-7739,CLEAN A/RTB,RTB'D YR 2021
3GS-EXP20-7740,CLEAN A/RTB,RTB'D YR 2021
3GS-EXP20-7742,CLEAN A/RTB,RTB'D YR 2021
3GS-EXP20-7768,CLEAN A/RTB,RTB'D YR 2021
3GS-EXP20-7770,CLEAN A/RTB,RTB'D YR 2021
3GS-EXP20-7771,CLEAN A/RTB,RTB'D YR 2021
3GS-EXP20-7773,CLEAN A/RTB,RTB'D YR 2021
3GS-EXP20-7810,CLEAN A/RTB,RTB'D YR 2021
3GS-EXP20-7811,CLEAN A/RTB,RTB'D YR 2021
3GS-EXP20-7813,CLEAN A/RTB,RTB'D YR 2021
3GS-EXP20-7840,CLEAN A/RTB,RTB'D YR 2021
3GS-EXP20-7842,CLEAN A/RTB,RTB'D YR 2021
3GS-EXP20-7858,CLEAN A/RTB,RTB'D YR 2021
3GS-EXP20-7867,CLEAN A/RTB,RTB'D YR 2021
3GS-EXP20-7868,CLEAN A/RTB,RTB'D YR 2021
3GS-EXP20-7870,CLEAN A/RTB,RTB'D YR 2021
3GS-EXP20-7974,CLEAN A/RTB,RTB'D YR 2021
3GS-EXP20-7975,CLEAN A/RTB,RTB'D YR 2021
3GS-EXP20-7977,CLEAN A/RTB,RTB'D YR 2021
3GS-EXP20-8003,CLEAN A/RTB,RTB'D YR 2021
3GS-EXP20-8004,CLEAN A/RTB,RTB'D YR 2021
3GS-EXP20-8006,CLEAN A/RTB,RTB'D YR 2021
3GS-EXP20-8065,CLEAN A/RTB,RTB'D YR 2021
3GS-EXP20-8066,CLEAN A/RTB,RTB'D YR 2021
3GS-EXP20-8068,CLEAN A/RTB,RTB'D YR 2021
3GS-EXP20-8092,CLEAN A/RTB,RTB'D YR 2021
3GS-EXP20-8093,CLEAN A/RTB,RTB'D YR 2021
3GS-EXP20-8095,CLEAN A/RTB,RTB'D YR 2021
3GS-EXP20-8112,CLEAN A/RTB,RTB'D YR 2021
3GS-EXP20-8113,CLEAN A/RTB,RTB'D YR 2021
3GS-EXP20-8115,CLEAN A/RTB,RTB'D YR 2021
MOB-TRFS20-0134,CLEAN A/RTB,RTB'D YR 2021
MOB-TRFS20-0190,CLEAN A/RTB,RTB'D YR 2021
MOB-TRFS20-0202,CLEAN A/RTB,RTB'D YR 2021
3GS-EXP20-8891,CLEAN A/RTB,RTB'D YR 2021
3GS-EXP20-8895,CLEAN A/RTB,RTB'D YR 2021
3GS-EXP20-8896,CLEAN A/RTB,RTB'D YR 2021
3GS-EXP20-8897,CLEAN A/RTB,RTB'D YR 2021
3GS-EXP20-9082,CLEAN A/RTB,RTB'D YR 2021
3GS-EXP20-9083,CLEAN A/RTB,RTB'D YR 2021
3GS-EXP20-9084,CLEAN A/RTB,RTB'D YR 2021
3GS-EXP20-9220,CLEAN A/RTB,RTB'D YR 2021
3GS-EXP20-9221,CLEAN A/RTB,RTB'D YR 2021
3GS-EXP20-9369,CLEAN A/RTB,RTB'D YR 2021
3GS-EXP20-9370,CLEAN A/RTB,RTB'D YR 2021
3GS-EXP20-9490,CLEAN A/RTB,RTB'D YR 2021
3GS-EXP20-9491,CLEAN A/RTB,RTB'D YR 2021
3GS-EXP20-9520,CLEAN A/RTB,RTB'D YR 2021
3GS-EXP20-9521,CLEAN A/RTB,RTB'D YR 2021
3GS-EXP20-9526,CLEAN A/RTB,RTB'D YR 2021
3GS-EXP20-9527,CLEAN A/RTB,RTB'D YR 2021
3GS-EXP20-9560,CLEAN A/RTB,RTB'D YR 2021
3GS-EXP20-9561,CLEAN A/RTB,RTB'D YR 2021
3GS-EXP20-9562,CLEAN A/RTB,RTB'D YR 2021
3GS-EXP20-9575,CLEAN A/RTB,RTB'D YR 2021
3GS-EXP20-9576,CLEAN A/RTB,RTB'D YR 2021
3GS-EXP20-9577,CLEAN A/RTB,RTB'D YR 2021
3GS-EXP20-9581,CLEAN A/RTB,RTB'D YR 2021
3GS-EXP20-9582,CLEAN A/RTB,RTB'D YR 2021
3GS-EXP20-9624,CLEAN A/RTB,RTB'D YR 2021
3GS-EXP20-9743,CLEAN A/RTB,RTB'D YR 2021
3GS-EXP20-9744,CLEAN A/RTB,RTB'D YR 2021
3GS-EXP20-9766,CLEAN A/RTB,RTB'D YR 2021
3GS-EXP20-9767,CLEAN A/RTB,RTB'D YR 2021
3GS-EXP20-9776,CLEAN A/RTB,RTB'D YR 2021
3GS-EXP20-9883,CLEAN A/RTB,RTB'D YR 2021
3GS-EXP20-9884,CLEAN A/RTB,RTB'D YR 2021
3GS-EXP20-9936,CLEAN A/RTB,RTB'D YR 2021
3GS-EXP20-9937,CLEAN A/RTB,RTB'D YR 2021
3GS-EXP20-9938,CLEAN A/RTB,RTB'D YR 2021
3GS-EXP20-9940,CLEAN A/RTB,RTB'D YR 2021
3GS-EXP20-9941,CLEAN A/RTB,RTB'D YR 2021
3GS-EXP20-9984,CLEAN A/RTB,RTB'D YR 2021
3GS-EXP20-9985,CLEAN A/RTB,RTB'D YR 2021
3GS-EXP20-9986,CLEAN A/RTB,RTB'D YR 2021
3GS-EXP20-10075,CLEAN A/RTB,RTB'D YR 2021
3GS-EXP20-10076,CLEAN A/RTB,RTB'D YR 2021
3GS-EXP20-10077,CLEAN A/RTB,RTB'D YR 2021
3GS-EXP20-10088,CLEAN A/RTB,RTB'D YR 2021
3GS-EXP20-10134,CLEAN A/RTB,RTB'D YR 2021
3GS-EXP20-10135,CLEAN A/RTB,RTB'D YR 2021
3GS-EXP20-10286,CLEAN A/RTB,RTB'D YR 2021
3GS-EXP20-10287,CLEAN A/RTB,RTB'D YR 2021
3GS-EXP20-10295,CLEAN A/RTB,RTB'D YR 2021
3GS-EXP20-10359,CLEAN A/RTB,RTB'D YR 2021
3GS-EXP20-10360,CLEAN A/RTB,RTB'D YR 2021
3GS-EXP20-10392,CLEAN A/RTB,RTB'D YR 2021
3GS-EXP20-10393,CLEAN A/RTB,RTB'D YR 2021
JED-EXP21-00028,CLEAN A/RTB,RTB'D YR 2021
JED-EXP21-00047,CLEAN A/RTB,RTB'D YR 2021
JED-EXP21-00049,CLEAN A/RTB,RTB'D YR 2021
JED-EXP21-00060,CLEAN A/RTB,RTB'D YR 2021
JED-EXP21-00064,CLEAN A/RTB,RTB'D YR 2021
JED-EXP21-00112,CLEAN A/RTB,RTB'D YR 2021
JED-EXP21-00174,CLEAN A/RTB,RTB'D YR 2021
JED-EXP21-00175,CLEAN A/RTB,RTB'D YR 2021
JED-EXP21-00186,CLEAN A/RTB,RTB'D YR 2021
JED-EXP21-00195,CLEAN A/RTB,RTB'D YR 2021
JED-EXP21-00197,CLEAN A/RTB,RTB'D YR 2021
JED-EXP21-00206,CLEAN A/RTB,RTB'D YR 2021
JED-EXP21-00212,CLEAN A/RTB,RTB'D YR 2021
JED-EXP21-00248,CLEAN A/RTB,RTB'D YR 2021
JED-EXP21-00260,CLEAN A/RTB,RTB'D YR 2021
JED-EXP21-00274,CLEAN A/RTB,RTB'D YR 2021
JED-EXP21-00290,CLEAN A/RTB,RTB'D YR 2021
JED-EXP21-00343,CLEAN A/RTB,RTB'D YR 2021
JED-EXP21-00362,CLEAN A/RTB,RTB'D YR 2021
JED-EXP21-00371,CLEAN A/RTB,RTB'D YR 2021
JED-EXP21-00372,CLEAN A/RTB,RTB'D YR 2021
JED-EXP21-00376,CLEAN A/RTB,RTB'D YR 2021
JED-EXP21-00383,CLEAN A/RTB,RTB'D YR 2021
JED-EXP21-00402,CLEAN A/RTB,RTB'D YR 2021
JED-EXP21-00439,CLEAN A/RTB,RTB'D YR 2021
JED-EXP21-00447,CLEAN A/RTB,RTB'D YR 2021
JED-EXP21-00452,CLEAN A/RTB,RTB'D YR 2021
JED-EXP21-00454,CLEAN A/RTB,RTB'D YR 2021
JED-EXP21-00457,CLEAN A/RTB,RTB'D YR 2021
JED-EXP21-00468,CLEAN A/RTB,RTB'D YR 2021
JED-EXP21-00469,CLEAN A/RTB,RTB'D YR 2021
JED-EXP21-00480,CLEAN A/RTB,RTB'D YR 2021
JED-EXP21-00481,CLEAN A/RTB,RTB'D YR 2021
JED-EXP21-00487,CLEAN A/RTB,RTB'D YR 2021
JED-EXP21-00491,CLEAN A/RTB,RTB'D YR 2021
JED-EXP21-00502,CLEAN A/RTB,RTB'D YR 2021
JED-EXP21-00521,CLEAN A/RTB,RTB'D YR 2021
JED-EXP21-00537,CLEAN A/RTB,RTB'D YR 2021
JED-EXP21-00573,CLEAN A/RTB,RTB'D YR 2021
JED-EXP21-00593,CLEAN A/RTB,RTB'D YR 2021
JED-EXP21-00598,CLEAN A/RTB,RTB'D YR 2021
JED-EXP21-00628,CLEAN A/RTB,RTB'D YR 2021
JED-EXP21-00629,CLEAN A/RTB,RTB'D YR 2021
JED-EXP21-00630,CLEAN A/RTB,RTB'D YR 2021
JED-EXP21-00692,CLEAN A/RTB,RTB'D YR 2021
JED-EXP21-00700,CLEAN A/RTB,RTB'D YR 2021
JED-EXP21-00780,CLEAN A/RTB,RTB'D YR 2021
JED-EXP21-00788,CLEAN A/RTB,RTB'D YR 2021
JED-EXP21-00789,CLEAN A/RTB,RTB'D YR 2021
JED-EXP21-00822,CLEAN A/RTB,RTB'D YR 2021
JED-EXP21-00823,CLEAN A/RTB,RTB'D YR 2021
JED-EXP21-00837,CLEAN A/RTB,RTB'D YR 2021
JED-EXP21-00838,CLEAN A/RTB,RTB'D YR 2021
JED-EXP21-00862,CLEAN A/RTB,RTB'D YR 2021
JED-EXP21-00863,CLEAN A/RTB,RTB'D YR 2021
JED-EXP21-00876,CLEAN A/RTB,RTB'D YR 2021
JED-EXP21-00893,CLEAN A/RTB,RTB'D YR 2021
JED-EXP21-00908,CLEAN A/RTB,RTB'D YR 2021
JED-EXP21-00912,CLEAN A/RTB,RTB'D YR 2021
JED-EXP21-00913,CLEAN A/RTB,RTB'D YR 2021
JED-EXP21-00930,CLEAN A/RTB,RTB'D YR 2021
JED-EXP21-00974,CLEAN A/RTB,RTB'D YR 2021
JED-EXP21-00977,CLEAN A/RTB,RTB'D YR 2021
JED-EXP21-00978,CLEAN A/RTB,RTB'D YR 2021
JED-EXP21-00990,CLEAN A/RTB,RTB'D YR 2021
JED-EXP21-00995,CLEAN A/RTB,RTB'D YR 2021
JED-EXP21-00996,CLEAN A/RTB,RTB'D YR 2021
JED-EXP21-00997,CLEAN A/RTB,RTB'D YR 2021
JED-EXP21-00998,CLEAN A/RTB,RTB'D YR 2021
JED-EXP21-01000,CLEAN A/RTB,RTB'D YR 2021
JED-EXP21-01001,CLEAN A/RTB,RTB'D YR 2021
JED-EXP21-01008,CLEAN A/RTB,RTB'D YR 2021
JED-EXP21-01009,CLEAN A/RTB,RTB'D YR 2021
JED-EXP21-01020,CLEAN A/RTB,RTB'D YR 2021
JED-EXP21-01024,CLEAN A/RTB,RTB'D YR 2021
JED-EXP21-01025,CLEAN A/RTB,RTB'D YR 2021
JED-EXP21-01042,CLEAN A/RTB,RTB'D YR 2021
JED-EXP21-01108,CLEAN A/RTB,RTB'D YR 2021
JED-EXP21-01109,CLEAN A/RTB,RTB'D YR 2021
JED-EXP21-01133,CLEAN A/RTB,RTB'D YR 2021
JED-EXP21-01151,CLEAN A/RTB,RTB'D YR 2021
JED-EXP21-01154,CLEAN A/RTB,RTB'D YR 2021
JED-EXP21-01157,CLEAN A/RTB,RTB'D YR 2021
JED-EXP21-01158,CLEAN A/RTB,RTB'D YR 2021
JED-EXP21-01166,CLEAN A/RTB,RTB'D YR 2021
JED-EXP21-01167,CLEAN A/RTB,RTB'D YR 2021
JED-EXP21-01169,CLEAN A/RTB,RTB'D YR 2021
JED-EXP21-01170,CLEAN A/RTB,RTB'D YR 2021
JED-EXP21-01171,CLEAN A/RTB,RTB'D YR 2021
JED-EXP21-01175,CLEAN A/RTB,RTB'D YR 2021
JED-EXP21-01179,CLEAN A/RTB,RTB'D YR 2021
JED-EXP21-01198,CLEAN A/RTB,RTB'D YR 2021
JED-EXP21-01201,CLEAN A/RTB,RTB'D YR 2021
JED-EXP21-01203,CLEAN A/RTB,RTB'D YR 2021
JED-EXP21-01208,CLEAN A/RTB,RTB'D YR 2021
JED-EXP21-01222,CLEAN A/RTB,RTB'D YR 2021
JED-EXP21-01223,CLEAN A/RTB,RTB'D YR 2021
JED-EXP21-01247,CLEAN A/RTB,RTB'D YR 2021
JED-EXP21-01251,CLEAN A/RTB,RTB'D YR 2021
JED-EXP21-01260,CLEAN A/RTB,RTB'D YR 2021
JED-EXP21-01274,CLEAN A/RTB,RTB'D YR 2021
JED-EXP21-01288,CLEAN A/RTB,RTB'D YR 2021
JED-EXP21-01290,CLEAN A/RTB,RTB'D YR 2021
JED-EXP21-01326,CLEAN A/RTB,RTB'D YR 2021
JED-EXP21-01331,CLEAN A/RTB,RTB'D YR 2021
JED-EXP21-01365,CLEAN A/RTB,RTB'D YR 2021
JED-EXP21-01396,CLEAN A/RTB,RTB'D YR 2021
JED-EXP21-01429,CLEAN A/RTB,RTB'D YR 2021
JED-EXP21-01461,CLEAN A/RTB,RTB'D YR 2021
JED-EXP21-01480,CLEAN A/RTB,RTB'D YR 2021
JED-EXP21-01540,CLEAN A/RTB,RTB'D YR 2021
JED-EXP21-01541,CLEAN A/RTB,RTB'D YR 2021
JED-EXP21-01546,CLEAN A/RTB,RTB'D YR 2021
JED-EXP21-01553,CLEAN A/RTB,RTB'D YR 2021
JED-EXP21-01569,CLEAN A/RTB,RTB'D YR 2021
JED-EXP21-01585,CLEAN A/RTB,RTB'D YR 2021
JED-EXP21-01618,CLEAN A/RTB,RTB'D YR 2021
JED-EXP21-01634,CLEAN A/RTB,RTB'D YR 2021
JED-EXP21-01690,CLEAN A/RTB,RTB'D YR 2021
JED-EXP21-01736,CLEAN A/RTB,RTB'D YR 2021
JED-EXP21-01760,CLEAN A/RTB,RTB'D YR 2021
JED-EXP21-01784,CLEAN A/RTB,RTB'D YR 2021
JED-EXP21-01823,CLEAN A/RTB,RTB'D YR 2021
JED-EXP21-01877,CLEAN A/RTB,RTB'D YR 2021
JED-EXP21-01880,CLEAN A/RTB,RTB'D YR 2021
JED-EXP21-01894,CLEAN A/RTB,RTB'D YR 2021
JED-EXP21-01994,CLEAN A/RTB,RTB'D YR 2021
JED-EXP21-02010,CLEAN A/RTB,RTB'D YR 2021
JED-EXP21-02018,CLEAN A/RTB,RTB'D YR 2021
JED-EXP21-02205,CLEAN A/RTB,RTB'D YR 2021
JED-EXP21-02228,CLEAN A/RTB,RTB'D YR 2021
JED-EXP21-02269,CLEAN A/RTB,RTB'D YR 2021
JED-EXP21-02315,CLEAN A/RTB,RTB'D YR 2021
JED-EXP21-02316,CLEAN A/RTB,RTB'D YR 2021
JED-EXP21-02324,CLEAN A/RTB,RTB'D YR 2021
JED-EXP21-02330,CLEAN A/RTB,RTB'D YR 2021
JED-EXP21-02331,CLEAN A/RTB,RTB'D YR 2021
JED-EXP21-02332,CLEAN A/RTB,RTB'D YR 2021
JED-EXP21-02415,CLEAN A/RTB,RTB'D YR 2021
JED-EXP21-02460,CLEAN A/RTB,RTB'D YR 2021
JED-EXP21-02462,CLEAN A/RTB,RTB'D YR 2021
JED-EXP21-02486,CLEAN A/RTB,RTB'D YR 2021
JED-EXP21-02493,CLEAN A/RTB,RTB'D YR 2021
JED-EXP21-02496,CLEAN A/RTB,RTB'D YR 2021
JED-EXP21-02498,CLEAN A/RTB,RTB'D YR 2021
JED-EXP21-02529,CLEAN A/RTB,RTB'D YR 2021
JED-EXP21-02582,CLEAN A/RTB,RTB'D YR 2021
JED-EXP21-02589,CLEAN A/RTB,RTB'D YR 2021
JED-EXP21-02595,CLEAN A/RTB,RTB'D YR 2021
JED-EXP21-02696,CLEAN A/RTB,RTB'D YR 2021
N26-JED21-0003,CLEAN A/RTB,RTB'D YR 2021
N26-JED21-0006,CLEAN A/RTB,RTB'D YR 2021
N26-JED21-0007,CLEAN A/RTB,RTB'D YR 2021
N26-JED21-0017,CLEAN A/RTB,RTB'D YR 2021
N26-JED21-0019,CLEAN A/RTB,RTB'D YR 2021
N26-JED21-0023,CLEAN A/RTB,RTB'D YR 2021
N26-JED21-0026,CLEAN A/RTB,RTB'D YR 2021
N26-JED21-0028,CLEAN A/RTB,RTB'D YR 2021
N26-JED21-0032,CLEAN A/RTB,RTB'D YR 2021
N26-JED21-0047,CLEAN A/RTB,RTB'D YR 2021
N26-JED21-0054,CLEAN A/RTB,RTB'D YR 2021
N26-JED21-0059,CLEAN A/RTB,RTB'D YR 2021
N26-JED21-0065,CLEAN A/RTB,RTB'D YR 2021
N26-JED21-0072,CLEAN A/RTB,RTB'D YR 2021
N26-JED21-0074,CLEAN A/RTB,RTB'D YR 2021
N26-JED21-0075,CLEAN A/RTB,RTB'D YR 2021
N26-JED21-0078,CLEAN A/RTB,RTB'D YR 2021
N26-JED21-0082,CLEAN A/RTB,RTB'D YR 2021
N26-JED21-0086,CLEAN A/RTB,RTB'D YR 2021
N26-JED21-0087,CLEAN A/RTB,RTB'D YR 2021
N26-JED21-0089,CLEAN A/RTB,RTB'D YR 2021
N26-JED21-0090,CLEAN A/RTB,RTB'D YR 2021
N26-JED21-0098,CLEAN A/RTB,RTB'D YR 2021
N26-JED21-0099,CLEAN A/RTB,RTB'D YR 2021
N26-JED21-0101,CLEAN A/RTB,RTB'D YR 2021
N26-JED21-0103,CLEAN A/RTB,RTB'D YR 2021
N26-JED21-0107,CLEAN A/RTB,RTB'D YR 2021
N26-JED21-0108,CLEAN A/RTB,RTB'D YR 2021
N26-JED21-0110,CLEAN A/RTB,RTB'D YR 2021
N26-JED21-0111,CLEAN A/RTB,RTB'D YR 2021
N26-JED21-0115,CLEAN A/RTB,RTB'D YR 2021
N26-JED21-0117,CLEAN A/RTB,RTB'D YR 2021
N26-JED21-0118,CLEAN A/RTB,RTB'D YR 2021
N26-JED21-0120,CLEAN A/RTB,RTB'D YR 2021
N26-JED21-0121,CLEAN A/RTB,RTB'D YR 2021
N26-JED21-0123,CLEAN A/RTB,RTB'D YR 2021
N26-JED21-0126,CLEAN A/RTB,RTB'D YR 2021
N26-JED21-0128,CLEAN A/RTB,RTB'D YR 2021
N26-JED21-0129,CLEAN A/RTB,RTB'D YR 2021
N26-JED21-0130,CLEAN A/RTB,RTB'D YR 2021
N26-JED21-0131,CLEAN A/RTB,RTB'D YR 2021
N26-JED21-0132,CLEAN A/RTB,RTB'D YR 2021
N26-JED21-0135,CLEAN A/RTB,RTB'D YR 2021
N26-JED21-0140,CLEAN A/RTB,RTB'D YR 2021
N26-JED21-0154,CLEAN A/RTB,RTB'D YR 2021
N26-JED21-0167,CLEAN A/RTB,RTB'D YR 2021
N26-JED21-0172,CLEAN A/RTB,RTB'D YR 2021
N26-JED21-0175,CLEAN A/RTB,RTB'D YR 2021
N26-JED21-0177,CLEAN A/RTB,RTB'D YR 2021
N26-JED21-0178,CLEAN A/RTB,RTB'D YR 2021
N26-JED21-0179,CLEAN A/RTB,RTB'D YR 2021
N26-JED21-0190,CLEAN A/RTB,RTB'D YR 2021
N26-JED21-0192,CLEAN A/RTB,RTB'D YR 2021
N26-JED21-0194,CLEAN A/RTB,RTB'D YR 2021
N26-JED21-0199,CLEAN A/RTB,RTB'D YR 2021
N26-JED21-0208,CLEAN A/RTB,RTB'D YR 2021
N26-JED21-0209,CLEAN A/RTB,RTB'D YR 2021
N26-JED21-0211,CLEAN A/RTB,RTB'D YR 2021
N26-JED21-0218,CLEAN A/RTB,RTB'D YR 2021
N26-JED21-0222,CLEAN A/RTB,RTB'D YR 2021
N26-JED21-0223,CLEAN A/RTB,RTB'D YR 2021
N26-JED21-0225,CLEAN A/RTB,RTB'D YR 2021
N26-JED21-0226,CLEAN A/RTB,RTB'D YR 2021
N26-JED21-0227,CLEAN A/RTB,RTB'D YR 2021
N26-JED21-0229,CLEAN A/RTB,RTB'D YR 2021
N26-JED21-0231,CLEAN A/RTB,RTB'D YR 2021
N26-JED21-0235,CLEAN A/RTB,RTB'D YR 2021
N26-JED21-0237,CLEAN A/RTB,RTB'D YR 2021
N26-JED21-0244,CLEAN A/RTB,RTB'D YR 2021
N26-JED21-0245,CLEAN A/RTB,RTB'D YR 2021
N26-JED21-0247,CLEAN A/RTB,RTB'D YR 2021
N26-JED21-0251,CLEAN A/RTB,RTB'D YR 2021
N26-JED21-0254,CLEAN A/RTB,RTB'D YR 2021
N26-JED21-0255,CLEAN A/RTB,RTB'D YR 2021
N26-JED21-0257,CLEAN A/RTB,RTB'D YR 2021
N35-JED21-0002,CLEAN A/RTB,RTB'D YR 2021
N35-JED21-0004,CLEAN A/RTB,RTB'D YR 2021
N35-JED21-0005,CLEAN A/RTB,RTB'D YR 2021
N35-JED21-0009,CLEAN A/RTB,RTB'D YR 2021
N35-JED21-0011,CLEAN A/RTB,RTB'D YR 2021
N35-JED21-0012,CLEAN A/RTB,RTB'D YR 2021
N35-JED21-0014,CLEAN A/RTB,RTB'D YR 2021
N35-JED21-0015,CLEAN A/RTB,RTB'D YR 2021
N35-JED21-0017,CLEAN A/RTB,RTB'D YR 2021
N35-JED21-0021,CLEAN A/RTB,RTB'D YR 2021
N35-JED21-0022,CLEAN A/RTB,RTB'D YR 2021
N35-JED21-0026,CLEAN A/RTB,RTB'D YR 2021
N35-JED21-0027,CLEAN A/RTB,RTB'D YR 2021
N35-JED21-0028,CLEAN A/RTB,RTB'D YR 2021
N35-JED21-0030,CLEAN A/RTB,RTB'D YR 2021
N35-JED21-0031,CLEAN A/RTB,RTB'D YR 2021
N35-JED21-0032,CLEAN A/RTB,RTB'D YR 2021
N35-JED21-0034,CLEAN A/RTB,RTB'D YR 2021
N35-JED21-0035,CLEAN A/RTB,RTB'D YR 2021
N35-JED21-0039,CLEAN A/RTB,RTB'D YR 2021
N35-JED21-0044,CLEAN A/RTB,RTB'D YR 2021
N35-JED21-0046,CLEAN A/RTB,RTB'D YR 2021
N35-JED21-0048,CLEAN A/RTB,RTB'D YR 2021
N35-JED21-0056,CLEAN A/RTB,RTB'D YR 2021
N35-JED21-0058,CLEAN A/RTB,RTB'D YR 2021
N35-JED21-0060,CLEAN A/RTB,RTB'D YR 2021
N35-JED21-0065,CLEAN A/RTB,RTB'D YR 2021
N35-JED21-0066,CLEAN A/RTB,RTB'D YR 2021
N35-JED21-0068,CLEAN A/RTB,RTB'D YR 2021
N35-JED21-0069,CLEAN A/RTB,RTB'D YR 2021
N35-JED21-0070,CLEAN A/RTB,RTB'D YR 2021
N35-JED21-0076,CLEAN A/RTB,RTB'D YR 2021
N35-JED21-0079,CLEAN A/RTB,RTB'D YR 2021
N35-JED21-0081,CLEAN A/RTB,RTB'D YR 2021
N35-JED21-0082,CLEAN A/RTB,RTB'D YR 2021
N35-JED21-0083,CLEAN A/RTB,RTB'D YR 2021
N35-JED21-0084,CLEAN A/RTB,RTB'D YR 2021
N35-JED21-0085,CLEAN A/RTB,RTB'D YR 2021
N35-JED21-0087,CLEAN A/RTB,RTB'D YR 2021
N35-JED21-0089,CLEAN A/RTB,RTB'D YR 2021
N35-JED21-0096,CLEAN A/RTB,RTB'D YR 2021
N35-JED21-0099,CLEAN A/RTB,RTB'D YR 2021
JED-EXP21-02714,CLEAN A/RTB,RTB'D YR 2021
JED-EXP21-02715,CLEAN A/RTB,RTB'D YR 2021
JED-EXP21-02717,CLEAN A/RTB,RTB'D YR 2021
JED-EXP21-02718,CLEAN A/RTB,RTB'D YR 2021
JED-EXP21-02719,CLEAN A/RTB,RTB'D YR 2021
JED-EXP21-02720,CLEAN A/RTB,RTB'D YR 2021
JED-EXP21-02721,CLEAN A/RTB,RTB'D YR 2021
JED-EXP21-02722,CLEAN A/RTB,RTB'D YR 2021
JED-EXP21-02723,CLEAN A/RTB,RTB'D YR 2021
JED-EXP21-02780,CLEAN A/RTB,RTB'D YR 2021
JED-EXP21-02784,CLEAN A/RTB,RTB'D YR 2021
JED-EXP21-02785,CLEAN A/RTB,RTB'D YR 2021
JED-EXP21-02786,CLEAN A/RTB,RTB'D YR 2021
JED-EXP21-02788,CLEAN A/RTB,RTB'D YR 2021
JED-EXP21-02790,CLEAN A/RTB,RTB'D YR 2021
JED-EXP21-02792,CLEAN A/RTB,RTB'D YR 2021
JED-EXP21-02794,CLEAN A/RTB,RTB'D YR 2021
JED-EXP21-02795,CLEAN A/RTB,RTB'D YR 2021
JED-EXP21-02796,CLEAN A/RTB,RTB'D YR 2021
JED-EXP21-02801,CLEAN A/RTB,RTB'D YR 2021
JED-EXP21-02809,CLEAN A/RTB,RTB'D YR 2021
JED-EXP21-02810,CLEAN A/RTB,RTB'D YR 2021
JED-EXP21-02846,CLEAN A/RTB,RTB'D YR 2021
JED-EXP21-02866,CLEAN A/RTB,RTB'D YR 2021
JED-EXP21-02877,CLEAN A/RTB,RTB'D YR 2021
JED-EXP21-02895,CLEAN A/RTB,RTB'D YR 2021
L21-EXP20-4794,CLEAN A/RTB,RTB'D YR 2021
L21-EXP20-2997,CLEAN A/RTB,RTB'D YR 2021
L21-EXP20-2994,CLEAN A/RTB,RTB'D YR 2021
L21-EXP20-2444,CLEAN A/RTB,RTB'D YR 2021
L21-EXP20-2441,CLEAN A/RTB,RTB'D YR 2021
L21-EXP20-2386,CLEAN A/RTB,RTB'D YR 2021
L21-EXP20-2367,CLEAN A/RTB,RTB'D YR 2021
L21-EXP20-2359,CLEAN A/RTB,RTB'D YR 2021
L21-EXP20-2354,CLEAN A/RTB,RTB'D YR 2021
L21-EXP20-2321,CLEAN A/RTB,RTB'D YR 2021
L21-EXP20-5323,CLEAN A/RTB,RTB'D YR 2021
L21-EXP20-5303,CLEAN A/RTB,RTB'D YR 2021
L21-EXP20-2958,CLEAN A/RTB,RTB'D YR 2021
L21-EXP20-2931,CLEAN A/RTB,RTB'D YR 2021
L21-EXP20-2765,CLEAN A/RTB,RTB'D YR 2021
L21-EXP20-2763,CLEAN A/RTB,RTB'D YR 2021
L21-EXP20-2737,CLEAN A/RTB,RTB'D YR 2021
L21-EXP20-2634,CLEAN A/RTB,RTB'D YR 2021
L21-EXP20-0009,CLEAN A/RTB,RTB'D YR 2021
L21-EXP20-3195,CLEAN A/RTB,RTB'D YR 2021
L21-EXP20-3088,CLEAN A/RTB,RTB'D YR 2021
L21-EXP20-2145,CLEAN A/RTB,RTB'D YR 2021
L21-EXP20-0074,CLEAN A/RTB,RTB'D YR 2021
L21-EXP20-1544,CLEAN A/RTB,RTB'D YR 2021
L21-EXP20-1540,CLEAN A/RTB,RTB'D YR 2021
L21-EXP20-1364,CLEAN A/RTB,RTB'D YR 2021
L21-EXP20-0935,CLEAN A/RTB,RTB'D YR 2021
L21-EXP20-0912,CLEAN A/RTB,RTB'D YR 2021
L21-EXP20-0616,CLEAN A/RTB,RTB'D YR 2021
L21-EXP20-0519,CLEAN A/RTB,RTB'D YR 2021
L21-EXP20-0429,CLEAN A/RTB,RTB'D YR 2021
L21-EXP20-0180,CLEAN A/RTB,RTB'D YR 2021
3GS-EXP20-19109,CLEAN A/RTB,RTB'D YR 2021
NR26-4T4R21-0030,CLEAN A/RTB,RTB'D YR 2021
N35-JED21-0111,CLEAN A/RTB,RTB'D YR 2021
L21-EXP20-2610,CLEAN A/RTB,RTB'D YR 2021
L21-EXP20-3002,CLEAN A/RTB,RTB'D YR 2021
MOB-EXP19-2082,CLEAN A/RTB,RTB'D YR 2021
RED-EXP20-0197,CLEAN A/RTB,RTB'D YR 2021
RED-EXP20-0655,CLEAN A/RTB,RTB'D YR 2021
RED-EXP20-0934,CLEAN A/RTB,RTB'D YR 2021
RED-EXP20-1136,CLEAN A/RTB,RTB'D YR 2021
RED-EXP20-1152,CLEAN A/RTB,RTB'D YR 2021
RED-EXP20-1217,CLEAN A/RTB,RTB'D YR 2021
RED-EXP20-1446,CLEAN A/RTB,RTB'D YR 2021
RED-EXP20-1525,CLEAN A/RTB,RTB'D YR 2021
RED-EXP20-1541,CLEAN A/RTB,RTB'D YR 2021
RED-EXP20-1994,CLEAN A/RTB,RTB'D YR 2021
RED-EXP20-2018,CLEAN A/RTB,RTB'D YR 2021
RED-EXP20-2024,CLEAN A/RTB,RTB'D YR 2021
RED-EXP20-2378,CLEAN A/RTB,RTB'D YR 2021
3GS-EXP20-11037,CLEAN A/RTB,RTB'D YR 2021
3GS-EXP20-11038,CLEAN A/RTB,RTB'D YR 2021
3GS-EXP20-11047,CLEAN A/RTB,RTB'D YR 2021
3GS-EXP20-11048,CLEAN A/RTB,RTB'D YR 2021
3GS-EXP20-11065,CLEAN A/RTB,RTB'D YR 2021
3GS-EXP20-11066,CLEAN A/RTB,RTB'D YR 2021
3GS-EXP20-11073,CLEAN A/RTB,RTB'D YR 2021
3GS-EXP20-11074,CLEAN A/RTB,RTB'D YR 2021
3GS-EXP20-11223,CLEAN A/RTB,RTB'D YR 2021
3GS-EXP20-11224,CLEAN A/RTB,RTB'D YR 2021
3GS-EXP20-11278,CLEAN A/RTB,RTB'D YR 2021
3GS-EXP20-11359,CLEAN A/RTB,RTB'D YR 2021
3GS-EXP20-11360,CLEAN A/RTB,RTB'D YR 2021
3GS-EXP20-11391,CLEAN A/RTB,RTB'D YR 2021
3GS-EXP20-11392,CLEAN A/RTB,RTB'D YR 2021
3GS-EXP20-11505,CLEAN A/RTB,RTB'D YR 2021
3GS-EXP20-11506,CLEAN A/RTB,RTB'D YR 2021
3GS-EXP20-11711,CLEAN A/RTB,RTB'D YR 2021
3GS-EXP20-11712,CLEAN A/RTB,RTB'D YR 2021
3GS-EXP20-11715,CLEAN A/RTB,RTB'D YR 2021
3GS-EXP20-11716,CLEAN A/RTB,RTB'D YR 2021
3GS-EXP20-11901,CLEAN A/RTB,RTB'D YR 2021
3GS-EXP20-11939,CLEAN A/RTB,RTB'D YR 2021
3GS-EXP20-11940,CLEAN A/RTB,RTB'D YR 2021
3GS-EXP20-8491,CLEAN A/RTB,RTB'D YR 2021
3GS-EXP20-8492,CLEAN A/RTB,RTB'D YR 2021
3GS-EXP20-8502,CLEAN A/RTB,RTB'D YR 2021
3GS-EXP20-8563,CLEAN A/RTB,RTB'D YR 2021
3GS-EXP20-8564,CLEAN A/RTB,RTB'D YR 2021
3GS-EXP20-8589,CLEAN A/RTB,RTB'D YR 2021
3GS-EXP20-8590,CLEAN A/RTB,RTB'D YR 2021
3GS-EXP20-8629,CLEAN A/RTB,RTB'D YR 2021
3GS-EXP20-8630,CLEAN A/RTB,RTB'D YR 2021
3GS-EXP20-8781,CLEAN A/RTB,RTB'D YR 2021
3GS-EXP20-8782,CLEAN A/RTB,RTB'D YR 2021
3GS-EXP20-8839,CLEAN A/RTB,RTB'D YR 2021
3GS-EXP20-8840,CLEAN A/RTB,RTB'D YR 2021
JED-EXP21-00401,CLEAN A/RTB,RTB'D YR 2021
JED-EXP21-02355,CLEAN A/RTB,RTB'D YR 2021
JED-EXP21-02694,CLEAN A/RTB,RTB'D YR 2021
JED-EXP21-02859,CLEAN A/RTB,RTB'D YR 2021
JED-EXP21-02865,CLEAN A/RTB,RTB'D YR 2021
JED-EXP21-02880,CLEAN A/RTB,RTB'D YR 2021
JED-EXP21-02894,CLEAN A/RTB,RTB'D YR 2021
LUM-EXP20-1042,CLEAN A/RTB,RTB'D YR 2021
LUM-EXP20-1407,CLEAN A/RTB,RTB'D YR 2021
LUM-EXP20-1110,CLEAN A/RTB,RTB'D YR 2021
LUM-EXP20-1552,CLEAN A/RTB,RTB'D YR 2021
MOB-EXP19-2351,CLEAN A/RTB,RTB'D YR 2021
LUM-EXP20-1534,CLEAN A/RTB,RTB'D YR 2021
3GS-EXP20-10803,CLEAN A/RTB,RTB'D YR 2021
MOB-EXP20-2382,CLEAN A/RTB,RTB'D YR 2021
LUM-EXP20-0742,CLEAN A/RTB,RTB'D YR 2021
LUM-EXP20-1566,CLEAN A/RTB,RTB'D YR 2021
LUM-EXP20-1767,CLEAN A/RTB,RTB'D YR 2021
LUM-EXP20-2801,CLEAN A/RTB,RTB'D YR 2021
MOB-EXP19-0522,CLEAN A/RTB,RTB'D YR 2021
LUM-EXP20-0939,CLEAN A/RTB,RTB'D YR 2021
LUM-EXP20-1286,CLEAN A/RTB,RTB'D YR 2021
LUM-EXP20-2737,CLEAN A/RTB,RTB'D YR 2021
LUM-EXP20-1208,CLEAN A/RTB,RTB'D YR 2021
MOB-EXP19-1511,CLEAN A/RTB,RTB'D YR 2021
MOB-EXP19-0495,CLEAN A/RTB,RTB'D YR 2021
MOB-EXP19-2517,CLEAN A/RTB,RTB'D YR 2021
LUM-EXP20-1391,CLEAN A/RTB,RTB'D YR 2021
LUM-EXP20-1828,CLEAN A/RTB,RTB'D YR 2021
MOB-EXP19-4581,CLEAN A/RTB,RTB'D YR 2021
LUM-EXP20-1127,CLEAN A/RTB,RTB'D YR 2021
LUM-EXP20-2054,CLEAN A/RTB,RTB'D YR 2021
LUM-EXP20-2854,CLEAN A/RTB,RTB'D YR 2021
MOB-EXP19-0448,CLEAN A/RTB,RTB'D YR 2021
LUM-EXP20-0870,CLEAN A/RTB,RTB'D YR 2021
LUM-EXP20-1200,CLEAN A/RTB,RTB'D YR 2021
LUM-EXP20-1704,CLEAN A/RTB,RTB'D YR 2021
LUM-EXP20-2728,CLEAN A/RTB,RTB'D YR 2021
LUM-EXP20-1810,CLEAN A/RTB,RTB'D YR 2021
LUM-EXP20-0718,CLEAN A/RTB,RTB'D YR 2021
LUM-EXP20-0783,CLEAN A/RTB,RTB'D YR 2021
LUM-EXP20-1095,CLEAN A/RTB,RTB'D YR 2021
LUM-EXP20-1463,CLEAN A/RTB,RTB'D YR 2021
LUM-EXP20-2791,CLEAN A/RTB,RTB'D YR 2021
MOB-EXP19-0357,CLEAN A/RTB,RTB'D YR 2021
MOB-EXP19-0993,CLEAN A/RTB,RTB'D YR 2021
LUM-EXP20-1489,CLEAN A/RTB,RTB'D YR 2021
LUM-EXP20-1641,CLEAN A/RTB,RTB'D YR 2021
LUM-EXP20-2718,CLEAN A/RTB,RTB'D YR 2021
MOB-EXP19-4836,CLEAN A/RTB,RTB'D YR 2021
LUM-EXP20-0182,CLEAN A/RTB,RTB'D YR 2021
LUM-EXP20-0663,CLEAN A/RTB,RTB'D YR 2021
LUM-EXP20-0725,CLEAN A/RTB,RTB'D YR 2021
LUM-EXP20-1527,CLEAN A/RTB,RTB'D YR 2021
LUM-EXP20-1819,CLEAN A/RTB,RTB'D YR 2021
MOB-EXP19-2824,CLEAN A/RTB,RTB'D YR 2021
MOB-EXP19-2992,CLEAN A/RTB,RTB'D YR 2021
LUM-EXP20-1520,CLEAN A/RTB,RTB'D YR 2021
LUM-EXP20-1639,CLEAN A/RTB,RTB'D YR 2021
LUM-EXP20-1021,CLEAN A/RTB,RTB'D YR 2021
LUM-EXP20-1383,CLEAN A/RTB,RTB'D YR 2021
LUM-EXP20-1695,CLEAN A/RTB,RTB'D YR 2021
LUM-EXP20-1416,CLEAN A/RTB,RTB'D YR 2021
MOB-EXP20-1209,CLEAN A/RTB,RTB'D YR 2021
MOB-EXP19-0284,CLEAN A/RTB,RTB'D YR 2021
LUM-EXP20-1050,CLEAN A/RTB,RTB'D YR 2021
MOB-EXP19-3986,CLEAN A/RTB,RTB'D YR 2021
MOB-EXP20-2479,CLEAN A/RTB,RTB'D YR 2021
LUM-EXP20-0685,CLEAN A/RTB,RTB'D YR 2021
LUM-EXP20-1561,CLEAN A/RTB,RTB'D YR 2021
LUM-EXP20-1783,CLEAN A/RTB,RTB'D YR 2021
LUM-EXP20-0847,CLEAN A/RTB,RTB'D YR 2021
LUM-EXP20-1173,CLEAN A/RTB,RTB'D YR 2021
LUM-EXP20-1805,CLEAN A/RTB,RTB'D YR 2021
LUM-EXP20-2843,CLEAN A/RTB,RTB'D YR 2021
LUM-EXP20-0195,CLEAN A/RTB,RTB'D YR 2021
LUM-EXP20-0684,CLEAN A/RTB,RTB'D YR 2021
LUM-EXP20-0739,CLEAN A/RTB,RTB'D YR 2021
LUM-EXP20-1559,CLEAN A/RTB,RTB'D YR 2021
LUM-EXP20-1752,CLEAN A/RTB,RTB'D YR 2021
MOB-EXP19-2052,CLEAN A/RTB,RTB'D YR 2021
MOB-EXP19-1429,CLEAN A/RTB,RTB'D YR 2021
MOB-EXP19-0203,CLEAN A/RTB,RTB'D YR 2021
MOB-EXP19-2393,CLEAN A/RTB,RTB'D YR 2021
LUM-EXP20-1524,CLEAN A/RTB,RTB'D YR 2021
LUM-EXP20-1822,CLEAN A/RTB,RTB'D YR 2021
LUM-EXP20-1117,CLEAN A/RTB,RTB'D YR 2021
LUM-EXP20-2850,CLEAN A/RTB,RTB'D YR 2021
LUM-EXP20-0823,CLEAN A/RTB,RTB'D YR 2021
LUM-EXP20-1141,CLEAN A/RTB,RTB'D YR 2021
LUM-EXP20-1801,CLEAN A/RTB,RTB'D YR 2021
LUM-EXP20-2683,CLEAN A/RTB,RTB'D YR 2021